,Question,Category
0,편도에 갈색 염증이 있어요,이비인후과
1,성대결절인줄 알았는데... ㅠㅠ,이비인후과
2,성대결절 빨리 낫는법,이비인후과
3,이루공 상태,이비인후과
4,이어폰 사용시간,이비인후과
5,오늘 하루 종일 귀에서 이명이 들려요ㅠㅠ,이비인후과
6,돌발성난청 고막주사,이비인후과
7,누워있으면 어지럽고 헛구역질나요,이비인후과
8,어제부터 귀 한쪽이 울려요.,이비인후과
9,편도에서 노란물,이비인후과
10,고주파비염수술,이비인후과
11,코수술한사람은 코로나검사 어떻게 받나요?,이비인후과
12,한쪽코막힘원인 왜 그러는지 알 수 있을까요?,이비인후과
13,비중격만곡증수술 후 코막힘 어떡하죠,이비인후과
14,비중격만곡증재발 진짜 하나요??,이비인후과
15,비중격만곡증 절골해야 하나요?,이비인후과
16,구축코 들린 느낌이 나요,이비인후과
17,매부리코 2년 지났는데 콧대 불만족,이비인후과
18,싸이록사신점이현탁액 뜯고 한달반만에 써도 될까요?,이비인후과
19,갑작스런 소음으로 인한 돌발성난청 치료,이비인후과
20,목 옆쪽이 불편해요 ㅠㅠ,이비인후과
21,편도에 하얀 딱지?,이비인후과
22,안녕하세요~ 이거 편도결석인가요?ㅠㅠ,이비인후과
23,귀가아파요 중이염 증상 중 하나인가요?,이비인후과
24,귀가 구멍이 붓고 살짝 아프고 간질간,이비인후과
25,부비동 통증,이비인후과
26,급성 저음성 난청 질문 귀가 먹먹합니다,이비인후과
27,몸살 증상,이비인후과
28,편도염 인가요?,이비인후과
29,편도염인가요 ??,이비인후과
30,편도염이 왜 안나을까요?(사진첨부),이비인후과
31,목구멍쪽에 하얀 좁쌀 같은게 생겼어요,이비인후과
32,귀안쪽통증,이비인후과
33,목이 살짝 아픕니다,이비인후과
34,어지러움 원인,이비인후과
35,천공인가요?,이비인후과
36,귀 본체에서 진물이 나요 (귓속x),이비인후과
37,목이 조이는 느낌,이비인후과
38,귀 뒤가 아프고 어지러워요,이비인후과
39,귀 뚫고 진물,이비인후과
40,안녕하세요 제가 콧물이 심해요,이비인후과
41,귀뚫고 부음 + 진물,이비인후과
42,귀에서 소리가;;,이비인후과
43,두통 열 정말 뭐죠..,이비인후과
44,목이 너무 아파요 ㅠㅠ,이비인후과
45,편도선 부었을 때 약이여,이비인후과
46,안녕하세요 제가 3일 전부터 아침이나 낮에는 괜찮은데 저녁마다...,이비인후과
47,유치원때나 초딩때까지 체력맛좋다가도,이비인후과
48,목에 가래가,이비인후과
49,작년 봄에 구축으로 인해 코 재수술을 했고 여름에 염증이나서 한...,이비인후과
50,귀 뚫은 곳 몽우리,이비인후과
51,코수술 후 비중격만곡증,이비인후과
52,코피 안멈춤,이비인후과
53,코 휘어짐 원인,이비인후과
54,코 재수술,이비인후과
55,역류성후두염,이비인후과
56,물놀이후에 계속 물에있는 느낌이나요,이비인후과
57,밥 먹을 때마다 귀밑 부풀어 오름 및 찌릿함,이비인후과
58,귀밑턱부터 귀아래까지 부었어요ㅜㅜ,이비인후과
59,"2주째 편도가 부어있는데 침삼킬때 통증도 없구요, 열도 없구요,...",이비인후과
60,선별진료소 가야 하나요?,이비인후과
61,편도결석 ㅡ 이비인후과에서 흡입기로 제거할 때 아래쪽 깊숙한 곳...,이비인후과
62,입안에 투명한 혹,이비인후과
63,설암아니겠죠???,이비인후과
64,입냄새 오지는데 어떡하죠,이비인후과
65,콧물 재채기,이비인후과
66,걷을때 고개돌리면 어지러움,이비인후과
67,달팽이관 신경 손상,이비인후과
68,편도결석?,이비인후과
69,편도결석 궁극적 해결책은 사실상 편도절제술 밖에 없는건가요?,이비인후과
70,비중격과 부비동염 수술후,이비인후과
71,목감기가 안 나아요 ㅜㅜ,이비인후과
72,콧구멍쪽이 찢어진거처럼 아파요,이비인후과
73,귀 뚫고 난 뒤 염증,이비인후과
74,귀가 아파요,이비인후과
75,콧물이 자꾸 나온다(내공 200 많이 드려요),이비인후과
76,갑자기 한쪽귀가 먹먹함,이비인후과
77,고막이 터진거 같네요,이비인후과
78,외이도염 통증이 심해져요..,이비인후과
79,귀에서  소리가 나요,이비인후과
80,축농증 수술,이비인후과
81,귀 뚫는것과 관련해,이비인후과
82,코로나 확진자 식당 방문,이비인후과
83,목에 뭐가 항상 걸려있어요..,이비인후과
84,귓볼에 몽오리,이비인후과
85,편도가 부었는데 심히 걱정되네요,이비인후과
86,코안쪽이 심하게 찢어졌습니다,이비인후과
87,코막힘 콧물,이비인후과
88,코피 역류,이비인후과
89,오른쪽 귀가 갑자기 아파요,이비인후과
90,비염수술에대해,이비인후과
91,편도결석 심해짐,이비인후과
92,알레르기 비염이 있어 재채기를 너무,이비인후과
93,어쩌다 목이졸렸었는데 그 후 후유증,이비인후과
94,이명이 있습니다.,이비인후과
95,젖은귀지로 바뀜,이비인후과
96,순간 이어폰 소리가 최대로 높여져서,이비인후과
97,이어플러그 착용 때문인지 귀가 아픕니다. 무슨 병인가요?,이비인후과
98,귀가 먹먹하더니 삐 소리가 납니다,이비인후과
99,고막에 면봉이 닿임,이비인후과
100,목 간지러움 기침,이비인후과
101,편도결석 질문,이비인후과
102,"입똥 , 편도결석",이비인후과
103,돌발성 난청이 맞나요,이비인후과
104,만성중이염,이비인후과
105,편도아데노이드수술 아이에게 괜찮을까요?,이비인후과
106,만성편도염수술 괜찮을지 걱정입니다,이비인후과
107,3년전 복도에서 친구랑 부딪쳐서 코가 많이 아팠고 약 2mm정도 튀...,이비인후과
108,입안 질문,이비인후과
109,귀가 너무아파요 ..,이비인후과
110,귓구멍쪽에 살짝 부은거같은데,이비인후과
111,침삼킬때 목아픔 귀아픔,이비인후과
112,목에 계속 이물감이 느껴져요,이비인후과
113,코와 목 부음,이비인후과
114,"청각검사, 난청동반 이명",이비인후과
115,귀가 먹먹합니다,이비인후과
116,좌우 귀 소리크기가 다르게 들려요,이비인후과
117,코성형 위험한가요??,이비인후과
118,피타수술 일반 수술과 차이점이 뭐에요?,이비인후과
119,수면다원검사 마취나 검사 방법이 궁금해요.,이비인후과
120,부비동염두통 올 정도면 수술 해야겠죠?,이비인후과
121,노란색콧물 나오는데 급성 축농증일까요??,이비인후과
122,구내염 빨리 낫는법,이비인후과
123,오른쪽 목 안 통증,이비인후과
124,목 안에 뭐가 걸려있는 것처럼 아파요,이비인후과
125,귀 앞쪽 부음,이비인후과
126,귀에서 물? 약이 흘러요,이비인후과
127,림프선이 부었는데 아파요 엄지 손톱만 한것같은데 병원가야할까요,이비인후과
128,편도염 인가요?,이비인후과
129,코수술 후 코피가나요,이비인후과
130,돌발성 난청 회복 가능성이 있을까요?,이비인후과
131,귀에 물이 들어갔는데 하루 뒤부터 귀에서 부스럭소리가 나요,이비인후과
132,편도제거 수술 후 혀 닦기,이비인후과
133,입을 벌릴때 통증,이비인후과
134,삐-소리후  귀 안들림,이비인후과
135,침삼킬때 뭔가,이비인후과
136,편도염 증상,이비인후과
137,목에 작은 염증들,이비인후과
138,침삼키거나 하품할때 목 안이 아파요,이비인후과
139,편도염인건가요?,이비인후과
140,편도결석 꼭 제거 해야하나요?,이비인후과
141,코세척 질문입니다,이비인후과
142,돌발성 난청문의,이비인후과
143,귀연골!!,이비인후과
144,이거 수면중 무호흡증인가요?,이비인후과
145,귀 뚫은 귓볼 염증,이비인후과
146,편도결석 질문,이비인후과
147,귀에 통증 아픔,이비인후과
148,회사요ㅜㅜ,이비인후과
149,구내염이 너무 많이 나요ㅠㅠ,이비인후과
150,코풀다가 귀막힘 증상,이비인후과
151,이 부분을 만지면 아파요.... 왜,이비인후과
152,혹시 생리기간중 수술하셨나요?,이비인후과
153,비염수술 후 질문이요,이비인후과
154,비중격만곡증 질문이요,이비인후과
155,돌발성난청인가요?,이비인후과
156,할머니귀에 계속물이 찹니다,이비인후과
157,귀 바스락거리는 소리,이비인후과
158,귀걸이 마개 살에 들어감,이비인후과
159,코골이수면무호흡 수술해야 하는걸까요?,이비인후과
160,코골이증상 이 정도면 심한거겠죠?,이비인후과
161,"부비동염수술 받는게 좋을지,(콧물 뒤로 넘어감)",이비인후과
162,축농증코수술 후에 많이 아플까요?,이비인후과
163,목이 너무 아파요,이비인후과
164,목이 아파요,이비인후과
165,자고 일어났더니 침 삼킬 때마다 목이 아파요,이비인후과
166,"귀에서 노란 물같은게 나오는데여 ,,",이비인후과
167,"눈 충혈, 맑은 콧물 증상 원인이 무엇인가요?",이비인후과
168,목에 혹이 난게 맞는지 봐주세요,이비인후과
169,혀에 노란색 종기(?)같은게 났어요,이비인후과
170,유착성중이질환 튜브..,이비인후과
171,콧불 줄이기,이비인후과
172,제가 수면다원검사를 받았습니다. 검사,이비인후과
173,머리가 깨질거같이 아프고 세상이 빙빙 돌아요,이비인후과
174,메니에르 병?,이비인후과
175,축농증 (부비동염) 수술 후 입호흡 전자담배,이비인후과
176,복코성형 3개월 후 붓기일까요?,이비인후과
177,비중격만곡증 코막힘 심각,이비인후과
178,열이 몇 주 째 안내려갑니다,이비인후과
179,남편이 코골이 때무넹 양압기를 사용하시는데요~,이비인후과
180,만성후두염 질문드립니다..,이비인후과
181,쉰목소리 증상,이비인후과
182,현시국 목아픔,이비인후과
183,성대에 대해 알려주세요,이비인후과
184,목아픔 편도염(사진 있음),이비인후과
185,편도 제거 한지 5일정도 됐는데 제거,이비인후과
186,목 앞 통증 ? 목막힘 목 앞 염증 ? 부음 ?,이비인후과
187,비중격만곡증 수술 얼마나 아픈지 알려주세요,이비인후과
188,목 부음 안아픔,이비인후과
189,비중격수술 후 녹는솜이 안빠져요,이비인후과
190,오른쪽귀가 태어날때부터 소리가 잘 들리지 않아요 1.수술해서 40...,이비인후과
191,편도염인가요??,이비인후과
192,목이 너무 충혈됐어요,이비인후과
193,침 삼킬때 마다 목이 머무 아프고 아무것도 못먹겠어요,이비인후과
194,편도에 혹때문에 문의드려요,이비인후과
195,비염이 너무 심해요,이비인후과
196,비중격만곡증,이비인후과
197,누웠을때 심한어지러움,이비인후과
198,메니에르병,이비인후과
199,귀에서 이상한 뼈 소리,이비인후과
200,"비중격만곡증 , 오트리빈 중독.. 코막힘..",이비인후과
201,축농증 증상?,이비인후과
202,키질문드려요,이비인후과
203,머리 오른쪽 귀 뒤가 1~2분 마다 찌르듯이 아파요 내공70,이비인후과
204,귀 염증 질문,이비인후과
205,알르레기일까요?,이비인후과
206,귀는 깨끗한데요 아데노이드가 정상보다,이비인후과
207,감기랑 감염성 비염이 같은 말인가요,이비인후과
208,귀 뚫은 적 없는데 귀가 부었어요 내공 150,이비인후과
209,차가운것을 먹을때 코 통증,이비인후과
210,노래방 고음 귀 통증,이비인후과
211,귀가 막힌 느낌이에요,이비인후과
212,제가 귀에 이명이 있은지 10년 정도되구요 2년전 청력 검진 45데시...,이비인후과
213,귀에서 물 안 빠짐,이비인후과
214,어지러움 증상,이비인후과
215,편도 절제술 부위 통증,이비인후과
216,선천성이루공 실밥,이비인후과
217,이비인후과를 가야 하는지 안과를 가야 하는지 모르겠습니다.,이비인후과
218,"목뒤 멍울, 편도결석",이비인후과
219,목 이물감,이비인후과
220,비중격 코끝연장,이비인후과
221,갑자기 입안에 뭐가 생겼은데 구강암? 혈종?(사진),이비인후과
222,입안에 물혹 같은게 있어요 도와주세요 ㅠㅠ,이비인후과
223,제가 눈 알레르기가있는데 너무간지러워,이비인후과
224,열없고 기침 조금하고 콧물에 코막힘있,이비인후과
225,귀에서 소리남,이비인후과
226,비중격 흰코절골 안장코 복원성형,이비인후과
227,혓바닥이 자꾸 까져요(사진,이비인후과
228,옆으로 누울때마다 어지러워요,이비인후과
229,목이 막혀있는 느낌이 들어요,이비인후과
230,구내염이겠죠?,이비인후과
231,열나서 병원가면 무조건 검사하나요?,이비인후과
232,코 수술후 콧물,이비인후과
233,한쪽 코막힘,이비인후과
234,이석증이 2주째 지속되요ㅜ,이비인후과
235,코 속 부음,이비인후과
236,두부외상후 코에서 노란물,이비인후과
237,귀 가 너무 아픔,이비인후과
238,귀가 아파요 ㅠㅠ,이비인후과
239,비인두에서 노란농이 2달넘게 나와요.,이비인후과
240,귀가 가렵고 아픈데,이비인후과
241,귀에서 노란 물,이비인후과
242,극심한 혀 갈라짐 (사진),이비인후과
243,혀 아래의 새빨간(선홍빛) 피물집,이비인후과
244,코 점막에 혹이 있어요,이비인후과
245,목 안에 양쪽 크기,이비인후과
246,"목에 가래, 목똥이 안보이는곳에서 나와요",이비인후과
247,코에서 (숨쉴때) 이상한 냄새가 납니다,이비인후과
248,코가 자주나오는데 코로나일까요,이비인후과
249,후두암 목소리 변화,이비인후과
250,"노인성 난청, 인공와우? 고막이식?",이비인후과
251,"인공 고막 수술 가능성, 비용",이비인후과
252,코로나 19,이비인후과
253,임신 13주중에 코에 염증이 생겨 이비인후과 다녀왔어요.. 이약과...,이비인후과
254,목에 하얀 염증? 병명이 뭔가요,이비인후과
255,2주넘게 생겼습니다. 이비인후과에서 유두종이라고 하는데 아프면...,이비인후과
256,한쪽 귀가 먹먹해요,이비인후과
257,부비동염 수술,이비인후과
258,성인 급성중이염,이비인후과
259,만성중이염 어지러움,이비인후과
260,수면중 무호흡??,이비인후과
261,(내공100) 저 편도결석 맞나요?,이비인후과
262,목에 이물감,이비인후과
263,비중격만곡증,이비인후과
264,"선생님, 한쪽 코막힘, 축농증?혹은 비인두암과의 연관성? 제 증상...",이비인후과
265,혀 짧나요?,이비인후과
266,외이도염 증상인가요?,이비인후과
267,월요일에 귀뚫어는데 그뒤로 귀가 부어,이비인후과
268,볼 안쪽 구내염과 목 멍울,이비인후과
269,역류성 식도염 증상,이비인후과
270,왼쪽 귀 거품소리,이비인후과
271,편도결석 인가요?,이비인후과
272,한쪽 귀 먹먹함,이비인후과
273,매부리코 콧등부분 재발하기도 하나요?,이비인후과
274,복코성형 후 붓기와 코막힘,이비인후과
275,코잔뼈 부서짐 ???,이비인후과
276,비중격천공 수술 해야하나요?,이비인후과
277,아기 쉰 목소리,이비인후과
278,만성중이염 치료,이비인후과
279,코수술후 5년,이비인후과
280,편도결석인가요 맞다면 심한 정도인가요 해결 방법으로는 어떤게...,이비인후과
281,편도결석인가요?ㅠㅠ(사진있음 주의),이비인후과
282,이명 관련 질문,이비인후과
283,굳은살과 티눈 안아프게 치료할수 있는 방법 없을까요?,이비인후과
284,귀에서삐소리(이명)치료방법 질문,이비인후과
285,코로나바이러스,이비인후과
286,내공 100)))))) 목 안에 이거 뭔가요...?,이비인후과
287,귀에서 삐소리,이비인후과
288,엑스레이상 코가 골절된게 맞는지 확인좀 부탁드립니다.,이비인후과
289,편도결석 홈 없애는법 없나요??,이비인후과
290,제가 일주일 전 부터 목에 심킬때마다,이비인후과
291,입술 안쪽에 흰색 혹같은게 몇달째 안없어지고 있는데 왜그럴까요,이비인후과
292,의사님에게 질문하는건 처음합니다..,이비인후과
293,편도선이랑 턱 위에 멍울,이비인후과
294,귀 안쪽이 부었어요.,이비인후과
295,혀에 구내염이 났어요,이비인후과
296,갑자기 몇일전부터 목에 뭔가 걸린느낌이 나요. 열도안나고 기침도...,이비인후과
297,턱 밑 멍울,이비인후과
298,가래에 엄청 조금 피가 섞여나와서 병원에 가서 검사를 했는데 ct...,이비인후과
299,잠복결핵검사,이비인후과
300,"목, 입술에 구내염",이비인후과
301,침 삼킬때마다 목아픔,이비인후과
302,식도에 염증나고 부었는데 먹을수있는 음식,이비인후과
303,귀가 둥둥 울려요,이비인후과
304,이관기능장애? 메니에르?,이비인후과
305,돌발성난청 병원,이비인후과
306,귓 속은 아니고 귓바퀴를 손으로 슥,이비인후과
307,환기관삽입시 물 질문,이비인후과
308,귀가 아파요,이비인후과
309,"귀 입구쪽에 여드름이 엄청 크게 났는데, 피부과 가서 염증주사 맞...",이비인후과
310,보청기 얼마 인가요? 한 쪽만 ...,이비인후과
311,귀 뒤쪽에 살짝 멍울이 느껴지고 통증이 있어요,이비인후과
312,목이 아파요 ㅜ,이비인후과
313,식도염 증상(침넘김 이물감)이 잘 안낫네요..,이비인후과
314,코피가 잘 안멎어요,이비인후과
315,돌발성 난청,이비인후과
316,목구멍이 아파요,이비인후과
317,청각장애인들은 복지회도 있고 각종 복,이비인후과
318,비강내 유두종 의심,이비인후과
319,이명증상이 나타난지 1년정도 된 20살입니다,이비인후과
320,귓볼 피어싱 염증 질문,이비인후과
321,편도결석 안사라지는 건가요ㅠㅠ,이비인후과
322,편도염 인가요? 인후염 인가요?,이비인후과
323,귀속  이물질,이비인후과
324,설소대 제거 수술 하면 혀가 길어지나요??,이비인후과
325,코피..큰병원 가봐야하나요?,이비인후과
326,흡연으로 인한 목소리 변화,이비인후과
327,수면무호흡증 수술 후 잇몸,이비인후과
328,면봉으로 코파는거에 대한 질문있어요ㅠㅠ,이비인후과
329,돌발성 난청?,이비인후과
330,어지럼증 도와주세요...의사선생님들,이비인후과
331,편도결석인거같은데 ㅠㅠ,이비인후과
332,비염수술해야하나요?,이비인후과
333,"비염,면혁력에 좋은 프로폴리스 추천요..",이비인후과
334,입이 돌아가세요,이비인후과
335,"비중격만곡증 수술 비용, 시간, 마취방법, 회복기간 문의 드립니다...",이비인후과
336,축농증 증상,이비인후과
337,귀에 연고,이비인후과
338,목이간지러워요,이비인후과
339,방금 귀뚫었는데 바늘이 들어가다 중간,이비인후과
340,오른쪽 귀에서 소리남,이비인후과
341,비중격만곡증인가요?,이비인후과
342,잘때 코가 막혀요 뚫는 법 없나요,이비인후과
343,잘 안들리는데 어떡하죠,이비인후과
344,목구멍에 걸린 느낌이 들어요ㅠㅠㅠ,이비인후과
345,이빈후과에 가서 피어싱 제거가 가능할까요?,이비인후과
346,단순 임파선염인가요??,이비인후과
347,세페신정500mg _효과,이비인후과
348,귀 뚫고 (피어싱) 약,이비인후과
349,편도가 한쪽만 붓는 이유가 뭘까요?,이비인후과
350,방금 코풀다가 왼쪽귀에서 풍선이 부푸,이비인후과
351,헤드셋을 사용하면 귓병이 덜 할까요??,이비인후과
352,잠시 큰소리를 들어서 귀가 멍멍해요,이비인후과
353,코로나 검사 받아야되나요?,이비인후과
354,이명이 있는데요 청력은 정상입니다,이비인후과
355,코로나인지 사랑니때문인지..,이비인후과
356,목 안쪽에 염증이 생긴 것 같아요 (사진 유),이비인후과
357,편도결석이 점점 커져요,이비인후과
358,귀속에 상처가 나서 이비인후과에서 치료했는데 물들어가도 되는지...,이비인후과
359,침으로 하비갑개 줄일 수 있나요?,이비인후과
360,외이도염 질문입니다,이비인후과
361,난청수술(인공중이이식술) 질문,이비인후과
362,입천장 어금니 뒤쪽에 검은색 혹 같은게 났어요,이비인후과
363,목구멍이 까끌거립니다,이비인후과
364,이비인후과,이비인후과
365,한쪽 성대가 살짝 마비가 왔대요.,이비인후과
366,인두에 하얀 혹? 튀어 나온 게 거슬려서 이게 뭔가요?ㅠㅠ,이비인후과
367,"재채기, 코막힘, 코간지러움",이비인후과
368,후두암 질문,이비인후과
369,돌발성 특발성 난청 질문입니다.,이비인후과
370,코성형후 2년지났는데 아쿠아필,이비인후과
371,자고 일어나니 어지러움,이비인후과
372,비중격만곡증 수술시~~,이비인후과
373,"비염에 걸렸는데,,",이비인후과
374,편도결석 알갱이,이비인후과
375,이명때문에 약을 먹는데 기넥신도 같이 먹어도 되나요?,이비인후과
376,과자먹다가 목에걸렸어요....,이비인후과
377,중이염  아파요,이비인후과
378,중이염 증상인가요?,이비인후과
379,귀에 머리카락이 들어갔어요,이비인후과
380,코피 전기소작술,이비인후과
381,코성형 보형물 제거,이비인후과
382,목에 멍울이 잡힘 임파선 부음?,이비인후과
383,"식도염 증상이 있었는데, 얼마 후 한쪽 귀가 안들려요..",이비인후과
384,열 내려가는 주사,이비인후과
385,의사님 궁금한 것이 있습니다ㅠㅠ,이비인후과
386,중이염으로 튜브삽입술한쪽 귀에서 피가 나왔습니다.,이비인후과
387,목구멍갈라짐,이비인후과
388,어지러운듯한 느낌,이비인후과
389,목 아프고 혀 아픔,이비인후과
390,귀 안쪽/목 통증과 이명이 있는데..,이비인후과
391,이비인후과,이비인후과
392,편도에 혹이 났어요 이게 뭔가요..? 통증은 없는데 뭔가 목에 걸려...,이비인후과
393,편도에 뭐가 났어요,이비인후과
394,편도에 혹,이비인후과
395,고개를 숙이면 머리에 물찬 것처럼 아파요,이비인후과
396,귀뚫고 두드러기와 붓기 간지러움,이비인후과
397,목에 하얗게 염증이랑 돌기들이 있는데 후두유두종인가요...?ㅜㅜ,이비인후과
398,날달걀이 목소리에 좋은 이유,이비인후과
399,저는 거의 1년전 돌발성난청으로 왼쪽,이비인후과
400,세균성편도염 염증 색깔,이비인후과
401,토요일부터 목이 아프고 콧물이 많이 나왔습니다 지금 열을 재어보...,이비인후과
402,외이도진균증,이비인후과
403,귀가 아파요,이비인후과
404,귀 통증 증상,이비인후과
405,1달전부터 오른쪽 귀가 먹먹하고 안들,이비인후과
406,"코피, 성인병, 지방간",이비인후과
407,고막이 안으로 볼록한형태의 이관폐쇄증?,이비인후과
408,한쪽 귀 이명 어지러움,이비인후과
409,귀가 먹먹하고 오른쪽 소리가 좀 안들리고 음식먹을때랑 들을때 귀...,이비인후과
410,돌발성 난청 이명,이비인후과
411,고압에 의한 귀 이명,이비인후과
412,열도높구요 목이너무 따가워요,이비인후과
413,귀 건강 질문,이비인후과
414,귀가 특정상황에만 불편해요,이비인후과
415,내공100 침삼키면 목에 이물감,이비인후과
416,귀지 제거,이비인후과
417,한쪽 귀가 물들어간 것처럼 먹먹해요,이비인후과
418,무슨 중이염인가요,이비인후과
419,목 부음 도와주세요,이비인후과
420,제가 목이 아프고 목에 침 삼킬때마다,이비인후과
421,하루 종일 가만히 있다가 갑자기 목구,이비인후과
422,귀 뚫때 어떻게 하나요??,이비인후과
423,아침에 일어났는데 귀가 아프고 울려요,이비인후과
424,이거 이명인가요 빠른 답변 제발 부탁해요,이비인후과
425,이건 코뼈 골절인가요? 금이 간걸까요..?,이비인후과
426,역류성후두염과 후비루에 비타민C 메가도스해도되나요?,이비인후과
427,역류성 식도염이랑 성대벌어짐이 관계가 있나요?,이비인후과
428,귀 둟은데 뒤에 막힘,이비인후과
429,귀걸이 염증,이비인후과
430,한 쪽 귀가 막히고 먹먹해요.,이비인후과
431,귀가 다른 귀에 비해 잘 안들려요,이비인후과
432,귀가 이상해요,이비인후과
433,목 안이 아파요,이비인후과
434,귀가 먹먹하고 모든 소리가 작게 들려요,이비인후과
435,혀 가장자리에 검은 점? 얼룩?. 뭔가요?,이비인후과
436,역류성후두염 증상에 천명도 있나요,이비인후과
437,귀가 이상해요 급해요 내공 20,이비인후과
438,외이도염 중이염 술 마셔도 되나요?,이비인후과
439,열 37.7도 하 ..,이비인후과
440,왼쪽 목구멍 통증,이비인후과
441,귀가 먹먹하고 물찬 느낌입니다,이비인후과
442,비중격만곡증 비염수술 후 처치,이비인후과
443,생선가시가 목에 걸렸는데요,이비인후과
444,귀 뚫고 관리,이비인후과
445,돌발성 난청 이명,이비인후과
446,귀 뒤쪽 멍울 통증,이비인후과
447,"목에 자꾸 찔리는 느낌이 납니다,,",이비인후과
448,노란가래 지속,이비인후과
449,외이도염으로 질문 드립니다.,이비인후과
450,편도가̌̈ 이상해요ㅠㅠ (사진주의),이비인후과
451,코 골절인가요,이비인후과
452,침을 삼킬때마다 목이 아파요. 근데 귀가 같이 아프네요,이비인후과
453,목이 너무너무 아파요,이비인후과
454,귀에서 이상한게 나왔습니다.,이비인후과
455,비중격만곡증이 무기력증을 유발하기도 한가요,이비인후과
456,알레르기비염,이비인후과
457,삼킬 때 목이 아파요,이비인후과
458,귓속에 뭐가났어요,이비인후과
459,목 염증인것같아요,이비인후과
460,귀 먹먹거림,이비인후과
461,갑상선아인가요,이비인후과
462,귀가 막힌 느낌,이비인후과
463,이하선염 침샘 부음,이비인후과
464,귓속 통증이 심해요 ㅜㅜ,이비인후과
465,입안 볼쪽 덩어리 물집 혹?,이비인후과
466,혀에 뭐가 났습니다,이비인후과
467,목에 궤양이 생겼는데,이비인후과
468,턱부분 통증,이비인후과
469,침샘비대증,이비인후과
470,귀 외이도에 이게 뭘까요...?,이비인후과
471,몸살 ? 코로나 ?,이비인후과
472,침을 삼킬때 목이 아파서 보니 편도에 노란게 찍혔는데 편도결석인...,이비인후과
473,돌발성 난청인가요?,이비인후과
474,보건소 코로나 검사,이비인후과
475,편도결석인데요 치료하는게 겁나서 치료를 못받았어요ㅜ,이비인후과
476,가래를 밷었는데 목에서 피덩어리가 나왔어요,이비인후과
477,귀에서 바람빠지는소리 삐이익,이비인후과
478,목에 치즈가 달라붙은거 같은데 너무 아픕니다,이비인후과
479,비중격만곡증 수술과 하비갑개 절제술 후 부작용,이비인후과
480,편도결석? 목구멍에서 이물감이 느껴지는데 뭔지모르겠어요!,이비인후과
481,코수술 후 붓기,이비인후과
482,목이 아픈데 문제있는건가요?,이비인후과
483,임파선염에 자주 걸려요,이비인후과
484,숨냄새 입냄새,이비인후과
485,귓볼에 혹?같은게 있는데,이비인후과
486,목에 뭐가 걸린 느낌,이비인후과
487,비염이나 비중격만곡증 수술을 하면,이비인후과
488,역류성 후두염,이비인후과
489,"4,5일째 계속 한쪽에서만 코피가 나요",이비인후과
490,귀에서 소리나서 병원갓다왓는뎅요,이비인후과
491,침샘비대증인가요?,이비인후과
492,핸드폰을 스피커로 되어있는줄 모르고 받았다가 소리가 너무커서...,이비인후과
493,편도 부음 질문,이비인후과
494,귓속 곰팡이균 병원 치료,이비인후과
495,일산비염치료 잘하는 곳이요!,이비인후과
496,일산 이비인후과 비염치료 질문이요!,이비인후과
497,귀 진주종 수술후 일해도 되나요??,이비인후과
498,김포이비인후과에서 코수술 코성형 같이 해도 괜찮나요?,이비인후과
499,편도 부음,이비인후과
500,갑자기 혀에 설소대가 짧아질 수 있나요?,이비인후과
501,이게 비중격만곡증인가요??,이비인후과
502,안연고 코에 바를시 부작용 있나요?,이비인후과
503,중이염인가요?,이비인후과
504,림프염...딱딱해져요,이비인후과
505,비염이 심해졌어요,이비인후과
506,귀 진주종 수술 후 질문드립니다.,이비인후과
507,자가진피로 콧대수술을 하고싶은데,이비인후과
508,비염과 축농증에 대해서,이비인후과
509,침샘비대증,이비인후과
510,중이염 관련해서,이비인후과
511,이거 뭐죠?,이비인후과
512,목 부은 건가요?,이비인후과
513,코안에 뾰루지?,이비인후과
514,비중격 만곡증 관련,이비인후과
515,코로나인가요,이비인후과
516,편도결석이 맞나요?,이비인후과
517,"미간, 광대가 아픈데 축농증 증상인가요",이비인후과
518,비염이 심해요ㅜ,이비인후과
519,알레르기피부반응검사 원인 알 수 있을지,이비인후과
520,비염코세척 용액 목으로 넘어가도 상관없을지?,이비인후과
521,아이 비염으로 입냄새가 날 수 있나요?,이비인후과
522,비염치료법 수술없이 약물만으로도 괜찮나요?,이비인후과
523,귀 안쪽에 뭐가 났어요,이비인후과
524,목이 아파요,이비인후과
525,목욕 중에 현기증,이비인후과
526,혀 아래 혹,이비인후과
527,목젖쪽에 이상한게 있는데 꼭좀 봐쥬세요!,이비인후과
528,편도결석 질문이요,이비인후과
529,귀 통증 왼쪽 귀 통증,이비인후과
530,물놀이 귀아픔,이비인후과
531,이루공 수술 후,이비인후과
532,생선가시가 목에 걸렸을때,이비인후과
533,한쪽귀가 이상해요,이비인후과
534,귀가 갑자기 멍멍..,이비인후과
535,귀가 먹먹합니다,이비인후과
536,돌발성 난청,이비인후과
537,제가 코안쪽이 막혀서 수술을 받으려는,이비인후과
538,침샘비대증,이비인후과
539,코 뼈 아플 때,이비인후과
540,비중격만곡증수술시 제거하는 뼈부위,이비인후과
541,귀가 아파요,이비인후과
542,귀 밑에 몽우리가 생겼어요.,이비인후과
543,혹시 제 증상이 급성 기관지염인가요?,이비인후과
544,목에 이물감과 통증,이비인후과
545,구내염약을 처방받았는데요 이거 구내염 치료처방이 맞나요?,이비인후과
546,가래가 계속 나와요,이비인후과
547,목이 너무 자주 아파요.(만성 편도염?),이비인후과
548,제가 원래 후비루도 심한 편이고 가래,이비인후과
549,콧물이 없는 축농증 증상,이비인후과
550,목?목젖? 이 부은 느낌이에요,이비인후과
551,비염 증상,이비인후과
552,비염도 아닌데 코안이 부어서 숨쉬기 힘들어요,이비인후과
553,오른쪽 목아래 멍울,이비인후과
554,목이 왼쪽만 아파요,이비인후과
555,비인두염 열,이비인후과
556,목구멍이 답답합니다,이비인후과
557,목 통증 질문드립니다,이비인후과
558,목 안쪽 통증,이비인후과
559,귀 고름 방치,이비인후과
560,비강 바닥 부분을 건드리는 수술이 존재하나요?,이비인후과
561,외이도염 고통,이비인후과
562,외이도염 약 처방,이비인후과
563,열나면 귀 뒤쪽이 아픈 이유,이비인후과
564,혀 아래쪽이 당기고 계속 거칠거칠한 느낌이 나요,이비인후과
565,귓볼에 몽우리가 4개있어요,이비인후과
566,코성형 후 비중격만곡증 수술,이비인후과
567,코뼈 골절 후 시간이 지나고 수술할 때,이비인후과
568,비염때문에 눈이 너무 가려워요,이비인후과
569,귀속 습진 완치방법 없나요,이비인후과
570,구개편도 구멍,이비인후과
571,혀 밑에 물집,이비인후과
572,귓볼 임파선염? 피지낭종?,이비인후과
573,이비인후과 코 안쪽 휨,이비인후과
574,편도궤양 통증,이비인후과
575,이거 성대결절인가요 ??,이비인후과
576,목이 아파요ㅜㅠㅜ,이비인후과
577,인후통 코로난가요?,이비인후과
578,편위된 비중격,이비인후과
579,코성형후 비중격 만곡증 수술계획(안장코 관련),이비인후과
580,휜코교정수술 코한쪽이 자주 막혀요,이비인후과
581,복코교정 옆으로 퍼졌는데 콧볼축소?,이비인후과
582,편도결석입냄새 없애는 방법이 뭔가요?,이비인후과
583,편도결석 때문에 걱정이네요,이비인후과
584,충농증수술 하고난 후 코 세척하는 거 좋아요?,이비인후과
585,코막힘치료법 알려주시길,이비인후과
586,귀에서 부스럭 소리가 나요,이비인후과
587,귓속이 너무 간지러운데 이비인후과에서는 해결이 안됩니다.,이비인후과
588,악하선 무통성 종양,이비인후과
589,귀밑 몽우리? 턱통증?,이비인후과
590,감기 아닌데 코막힘 귀먹먹 증상이 있어요,이비인후과
591,한쪽귀만 들릴때,이비인후과
592,이비인후과에 가봐야할까요? 목구멍 안쪽 속 인두점막?쪽에 개구리...,이비인후과
593,목이 부은 것 같은 느낌이 일주일 넘게 지속돼요,이비인후과
594,귀가 안 들려요.,이비인후과
595,목 성대 문제요,이비인후과
596,편도결석인가요??,이비인후과
597,편도결석 (목구멍 사진 있음),이비인후과
598,코수술후 항바이러스제,이비인후과
599,비염비중격축농증 수술이 다 다른 건가요??,이비인후과
600,부비동염 원인 제거하려면 수술뿐 인가요?,이비인후과
601,알러지비염치료하고 싶습니다,이비인후과
602,맑은콧물이 쉬지 않고 나와요,이비인후과
603,메니에르병? 으로 질문드립니다..,이비인후과
604,귀 소리와 통증,이비인후과
605,귀가 먹먹해요,이비인후과
606,돌발성 특발성 난청 좌측,이비인후과
607,물 삼킬때 목이 너무 아파요,이비인후과
608,외이도염 통증....,이비인후과
609,중이염인가요?,이비인후과
610,목에 뭔가가 걸린느낌,이비인후과
611,역류성후두염질문,이비인후과
612,오른쪽 귀가 아파요,이비인후과
613,왼쪽목 옆에 멍울 관련 질문잇어요..ㅠㅠ,이비인후과
614,코가 목으로넘어와요,이비인후과
615,편도 종양,이비인후과
616,목이 조금 아픈데 혹시 코로나일까요?,이비인후과
617,오른쪽 편도가 원래 큰편인데 오른쪽 턱아래 목젖쪽에 침삼킬때 이...,이비인후과
618,사랑니 통증때문에 너무 아픕니다.,이비인후과
619,수면 무호흡증 질문입니다. 자세히 답변해주세요.,이비인후과
620,비중격만곡증 수술 후 음주...,이비인후과
621,코수술 한 지 1달 반 정도 지났는데 염증인가요..,이비인후과
622,코수술후 염증주사인지 붓기주사인지 맞,이비인후과
623,제가 비중격만곡증이 있어서 코가 막히,이비인후과
624,답이 안보입니다. 힘듭니다. 편측성,이비인후과
625,전정신경염 재발,이비인후과
626,코성형후 숨이 안쉬어져요...,이비인후과
627,코성형 후 궁금한점이요ㅠ제발 도와주세요(내공100),이비인후과
628,코수술 귀모양,이비인후과
629,편도결석 수술(입냄새)내공100,이비인후과
630,편도결석이 았는것같은데요 보이지가 않,이비인후과
631,편도주위 농양 터짐,이비인후과
632,목에 이물감,이비인후과
633,평소 이어폰을 왼쪽 귀에 만 썼는데 그래서 그런진 몰라도 왼쪽귀...,이비인후과
634,귀에 뭐가 났었는데 손으로 건드리다가,이비인후과
635,귀아픔증상,이비인후과
636,축농증이 있는데 코가 막혀서 세게 풀었는데 귀에서 지직 소리가...,이비인후과
637,목에 이거 혹인가요??,이비인후과
638,편도선염인가요?(약혐),이비인후과
639,걱정되서 질문이요,이비인후과
640,비인두 내시경,이비인후과
641,중이염이 아닌데 왜 귀 통증이 있을까여??,이비인후과
642,편도염? 인후염?,이비인후과
643,비중격만곡증 수술을 하려고 하는데 현재 스테로이드성 주사인 지...,이비인후과
644,비염비염비염비여삐염,이비인후과
645,편도 염증 부음 이물감,이비인후과
646,편도제거수술해 편도결석 재발,이비인후과
647,목이 너무 아파요,이비인후과
648,현재 증상관련 질문,이비인후과
649,목 안 통증,이비인후과
650,귀 안에서 피가나요,이비인후과
651,혀의 뒷쪽에서 느껴지는 맛은 어떤 맛인가요?,이비인후과
652,한쪽 귀가 이상해요,이비인후과
653,안녕하세요...위 내시경에서도 위장,이비인후과
654,어떻게 해야하나요??,이비인후과
655,오른쪽 귀가 이상해요!,이비인후과
656,안녕하세요! 편도절제수술에 대해 질문할려고용!,이비인후과
657,귀에 이명이오면서 갑자기 앞이안보였는데 왜그럴까요?,이비인후과
658,코 점막 문제,이비인후과
659,혀에 볼록하게 생긴거 구강암 인가요?,이비인후과
660,비관혈적 정복술 코뼈수술,이비인후과
661,코가 자꾸 막히는데 비염이 생긴걸까요?,이비인후과
662,비중격천공 생기면 보형물 빼야되나요?,이비인후과
663,코뼈골절 문의,이비인후과
664,비중격만곡증 검사하는데 비용이 얼마나 드나요?,이비인후과
665,난청 및 청각 기억 능력에 문제가 있는 건가요?...,이비인후과
666,성대 마비 치료,이비인후과
667,돌발성 난청/,이비인후과
668,이 증상이 메니에르인가요?,이비인후과
669,어지럼증 검사 어떻게 하나요?,이비인후과
670,메니에르 질문,이비인후과
671,돌발성 난청,이비인후과
672,소리의 크기,이비인후과
673,갑상선검사 어떤 걸 하는 건가요?,이비인후과
674,만성편도염수술 정말 효과 있나요?,이비인후과
675,3살 아이 누런콧물코막힘 증상,이비인후과
676,비중격만곡증 교정 필수인가요?,이비인후과
677,편도부분절제술 후 편도절제술,이비인후과
678,인후염 무서운병아니져?,이비인후과
679,청소년 이명 / 귀에서 삐 소리,이비인후과
680,목이 너무 자주 부어요,이비인후과
681,다 나앗으면 약 그만 먹어야 하나요,이비인후과
682,입술안 물집,이비인후과
683,"편도수술10일차 목젖,주위살부분 이물감과모양틀림",이비인후과
684,목안에 돌 침샘안에 돌?  아님 볼거리,이비인후과
685,편도적출했는데 모양이 왜이러죠??ㅠㅠ,이비인후과
686,닥터초이 선생님 도와주세요ㅠㅠ,이비인후과
687,편도선 부음 비염,이비인후과
688,청력검사 및 어음청력도 검사 문의,이비인후과
689,아이가 열있어서 병원갔더니 비염도있는데다가 감기까지 왔다고 하...,이비인후과
690,후비루증후군하고 편도결석하고 연관이 있나요?,이비인후과
691,코막힘 치료 방법이 따로 있나요?,이비인후과
692,비염콧물재채기 증상 없애는 방법,이비인후과
693,비염수술 하고나서 흡연 가능한 기간,이비인후과
694,"보청기 맞추기 전, 불쾌치 검사에서 헤드셋으로 90~105데시벨 까지...",이비인후과
695,귀에 염증난거요~ 수술해야하나요?,이비인후과
696,편도결석 때문에 편도가 부은거 같아요,이비인후과
697,저음성 난청 질문이요,이비인후과
698,"편도선, 목에 볼록 튀어나온 혹(?)같은거 질문합니다",이비인후과
699,"볼거리, 이하선염 환자인데 단백질 보충제 먹어도되나요??",이비인후과
700,편도선이 아파요ㅠㅠ,이비인후과
701,목에 가래가 낀 느낌,이비인후과
702,오프로신 이용액,이비인후과
703,피어싱 고름(?) 도와주세요 ㅠ,이비인후과
704,귀 속에 하얀게 있어요 이거 뭔가요ㅠㅠㅠ,이비인후과
705,귀 붓고 아픔,이비인후과
706,매부리코 들어간 부분만 보완?,이비인후과
707,구축코재수술 무보형물은 늑연골 쓰나요?,이비인후과
708,코 성형 후 술,이비인후과
709,비중격만곡증수술 후,이비인후과
710,고막천공이 제대로 안매꿔져요.,이비인후과
711,왼쪽 귀 먹먹함,이비인후과
712,머리 무거움 어지러움,이비인후과
713,귀가  먹먹해요,이비인후과
714,이관 먹먹한 증상도 자연스로게 없어지나요?,이비인후과
715,코끝 재수술(비중격+귀연골) 후 콧등부분 튀어나옴 현상,이비인후과
716,이명이 너무 심합니다,이비인후과
717,코수술 후 헬스,이비인후과
718,입냄새 제거 어떡해야할까요..,이비인후과
719,안녕하세요ㅠㅠ 목이아픈데..ㅜㅠㅠ 목,이비인후과
720,입술 안쪽 수포,이비인후과
721,편도 모양이 이상해요,이비인후과
722,저번주 금요일에 편도수술을했는데 목안,이비인후과
723,열나고 가래기침을 해요,이비인후과
724,볼 안쪽 염증,이비인후과
725,편도가 갑자기 부었어요,이비인후과
726,피가래 피콧물,이비인후과
727,귀 뒤에 혹?,이비인후과
728,목 안이 바늘로 찌르는 것 같이 따끔 거려요 침 삼키면 더 그렇고...,이비인후과
729,연축성발성장애 질문,이비인후과
730,편도절제술 이후 남아있는 편도,이비인후과
731,편도결석 주변 부음,이비인후과
732,혓바닥 동그라미(사진 있음),이비인후과
733,"편도결석, 편도 구멍",이비인후과
734,이정도 편도결석이면 평범한 정도 인가요 ??,이비인후과
735,목부음 통증,이비인후과
736,비중격 만곡증 살려주세요 ..,이비인후과
737,귀에 물 들어간 후 찌직소리나요,이비인후과
738,혀에 검은점? 뾰루지가ㅜ생겻어요,이비인후과
739,귀가 이상해요,이비인후과
740,혓바늘 파임,이비인후과
741,콧구멍 크기?랑 위치가 달라요,이비인후과
742,코로나 바이러스 질문,이비인후과
743,가래를 코에서 끌어와서 뱉으면 이런게 나와요,이비인후과
744,귀에서 삐소리,이비인후과
745,귀지 제거하는 법,이비인후과
746,3일 전부터 감기걸렸는데 귀가 잘 안들려요,이비인후과
747,입천장 물집,이비인후과
748,귀 뚫은곳에서 뭐가 만져져요,이비인후과
749,수면다원검사 시간이 얼마나 걸려요?,이비인후과
750,편도비대증 치료방법 궁금해요.,이비인후과
751,콧물후비루 때문에 입냄새가 나요,이비인후과
752,부비동염 두통 진짜 심해요,이비인후과
753,코수술 후 연골로 인한 코막힘,이비인후과
754,코뼈 실금 질문 입니다.,이비인후과
755,맑은콧물 좀 많이 나오면 어떡하죠?,이비인후과
756,비염수술 하는 거 괜찮나요?,이비인후과
757,소아비염치료법 어떻게 해야 하나요?,이비인후과
758,코성형후 충격 질문,이비인후과
759,비중격만곡증 수술 후 운동 언제부터 할 수 있을까요?,이비인후과
760,코수술 후 귀에서 심장소리같은게 나요,이비인후과
761,비염 너무 스트레스 입니다,이비인후과
762,전정기능장애 치료가 가능한가요?,이비인후과
763,장형준 의사분께 질문드립니다,이비인후과
764,코골절수술관련,이비인후과
765,귀지가 너무커요+  귀속에 피딱지가..,이비인후과
766,오른쪽 볼에 바람을 넣으면 기포 소리가 나요,이비인후과
767,"공맞고 비중격만곡증, 메부리코",이비인후과
768,편도에 하얀색 점같은게 있는데(사진혐주의),이비인후과
769,목에뭐가낀것같아요,이비인후과
770,코피가 안흘러요,이비인후과
771,목 아파요,이비인후과
772,편도가 자주 아픕니다. 사진 확인 후 답변 바립니다~,이비인후과
773,갑상선 혹에서 암,이비인후과
774,복무 중 이명이 생겼는데 전역을 했어요,이비인후과
775,전정신경염으로 입원,이비인후과
776,콧구멍 비대칭 제발 봐주세요,이비인후과
777,아침에 일어나자마자 코피,이비인후과
778,알러지인가요?,이비인후과
779,코피가 3일 연속 나요,이비인후과
780,편도염때매 병원갔더니 비염수술하래요,이비인후과
781,비염 관련질문,이비인후과
782,설소대가 부었고,이비인후과
783,편도염으로 인한 고열,이비인후과
784,한쪽코막힘,이비인후과
785,제대로 아는 분만 답변 하시고요,이비인후과
786,귀에 모래가 들어갔어요,이비인후과
787,코 모양이 좁은거 같아서요,이비인후과
788,한쪽코막힘,이비인후과
789,목에 하얀거 이거 뭐에요??,이비인후과
790,청성유발반응 검사... 마취 하나요?,이비인후과
791,외이도염 치료,이비인후과
792,혀 옆쪽에 큰 염증,이비인후과
793,편도염인가요??,이비인후과
794,밥먹을때 콧물이 많이 나는데(혈관 운동성 비염),이비인후과
795,오른쪽 귀가 너무 아픕니다,이비인후과
796,목에서 뭔가 낀느낌이 들고 가끔 재채,이비인후과
797,턱바로밑 망울,이비인후과
798,코막힘수술 주의사항 궁금합니다.,이비인후과
799,비염수술 효과가있나요?,이비인후과
800,귀에서 웅소리,이비인후과
801,귀에 이명이 들려요,이비인후과
802,혹시 이게 편도결석인가요..?,이비인후과
803,"아이 아침,저녁 기침할때",이비인후과
804,코막힘 비염때문에 너무 힘들어요,이비인후과
805,비염 치료 하고 싶은데,이비인후과
806,이게 성대결절인가요,이비인후과
807,성대 검사,이비인후과
808,"목 안쪽 구내염, 편도에 혹? 같은데 알려주시면 감사하겠습니다.",이비인후과
809,귀 종기 ㅠㅠ,이비인후과
810,침샘 구멍인건가요? 양쪽 똑같은 위치에 있더라구요ㅜㅜ아니면 입...,이비인후과
811,축농증 민간요법,이비인후과
812,잠 못 자면 코피,이비인후과
813,귀 안이 너무 아파요,이비인후과
814,목이 간지러워요,이비인후과
815,입안에 구내염? 상처같은 게 있습니다.(비공개답변 사절),이비인후과
816,"귀 안에 딱딱하게 만져지는데, 첨엔 아팠는데 이젠 안아픈데도 계...",이비인후과
817,코뼈 골절 수술 꼭 필요한가요?,이비인후과
818,축농증 수술이 필요한가요?,이비인후과
819,가끔 갑자기 어지럽고 머리가 뜨거워져요,이비인후과
820,어지럼증 증상이 있어요,이비인후과
821,달팽이관 어지러움,이비인후과
822,귀가 아프고 자꾸 막혀요.,이비인후과
823,편도결석 관리는 어떻게하나요?,이비인후과
824,편도 결석인가요?,이비인후과
825,편도결석관련 질문입니다,이비인후과
826,양측메니에르,이비인후과
827,"코에 이물 감, 피",이비인후과
828,비중격만곡증 검사,이비인후과
829,수면장애가있는데 고치고 싶은데요,이비인후과
830,아이가 입벌리고자는이유 뭐죠?,이비인후과
831,비중격교정술 휜 코도 교정되나요?,이비인후과
832,비중격만곡증 생기면 코맹맹이 소리가 날 수 있나요?,이비인후과
833,비염인데 코골이가 심합니다,이비인후과
834,돌발성 난청 약물치료,이비인후과
835,성대운동검사 어디서 보나요?,이비인후과
836,성대결절 관련 질문입니다 절실합니다..,이비인후과
837,코성형 뒤 스프레이,이비인후과
838,설염 증상 봐주세요ㅠㅠ,이비인후과
839,잘때마다 목이 너무 아파요..,이비인후과
840,귀뒤에 물집?혹같은게생겼어요,이비인후과
841,코물혹제거 부음,이비인후과
842,코로나 목부음,이비인후과
843,이거 편도염이죠?ㅠ,이비인후과
844,"비중격만곡증 수술했는데, 안장코된건가요?",이비인후과
845,코 안 녹는 실밥,이비인후과
846,구내염이 났는데 너무 심하게 나서요 지금 상태가 나을려고 하는걸...,이비인후과
847,한쪽귀가 먹먹해요,이비인후과
848,목 이물감,이비인후과
849,며칠전부터 귀 안쪽에 통증이 있었는데,이비인후과
850,음이 낮게 들리는 현상,이비인후과
851,이거 뭔지 알려주세요,이비인후과
852,편도선절제술,이비인후과
853,휜코교정 외형적 내부적 같이 하려고요,이비인후과
854,들창코성형 보형물 없이도 가능할까요?,이비인후과
855,축농증내비게이션 수술을 하면 더 안전할까요?,이비인후과
856,비중격만곡증수술 전신마취해야 하나요???,이비인후과
857,초6 비중격만곡증 교정 알려주세요,이비인후과
858,비중격만곡증이 갑자기 생길 수 있어요?,이비인후과
859,누운귀 성형에 대해서,이비인후과
860,혀에 흰색 돌기가 생겼어요.,이비인후과
861,귀가 먹먹해서 이비인후과,이비인후과
862,제 목구멍에 이상한게 났는데 이게뭘까요 ㅠㅠ,이비인후과
863,코막히는문제 비염 때문인가요?,이비인후과
864,수면다원검사 진행해보려고요,이비인후과
865,코 비염때문에 너믇 힘들어요,이비인후과
866,유모세포 손상,이비인후과
867,성대결절 질문입니다.,이비인후과
868,노래를부르면 조금만 음이 올라가도 목,이비인후과
869,휜코수술후 맑은콧물,이비인후과
870,이비인후과에서 비염약을 처방받아서 먹었는데 안맞았는지 이틀정...,이비인후과
871,이거 점액낭종인가요?,이비인후과
872,이비인후과 가야되나요? 선천성 이루공? 그 귀옆에 구멍 있는거 그...,이비인후과
873,편도가 부었나요,이비인후과
874,전이개누공 재발,이비인후과
875,입 안 상태 질문(사진 첨부),이비인후과
876,제가 원래 밖에 잘 안가요,이비인후과
877,귀밑 몽우리 이거 혹시 왜이러는건가요?,이비인후과
878,편도절제술한지 12일,이비인후과
879,청각장애 유전,이비인후과
880,이런코는 무슨코일까요?,이비인후과
881,이석증 치료법,이비인후과
882,수면클리닉 수면다원검사를 하는 건가요??,이비인후과
883,코골이무호흡 치매까지 갈 수 있나요?,이비인후과
884,축농증수술 위험하진 않을까요?,이비인후과
885,축농증비염 심할 때 해결 방법,이비인후과
886,코막힘 질문,이비인후과
887,코수술 후 콧구멍 안쪽이 부었어요 .. 부작용인가요,이비인후과
888,비중격만곡증 수술하고 나서 코안에 부목뺄 때 아픈가요???,이비인후과
889,목이 따가운데 혹시 왜그런가요?,이비인후과
890,혀 밑에 돌기..?,이비인후과
891,목구멍 이물감,이비인후과
892,"비중격만곡증 수술의 부작용, 좋은 사례, 수술실패에 대해 궁금합...",이비인후과
893,비염 수술 부작용이 큰가요?,이비인후과
894,이관부전이랑 이관기능부전이랑 다른말인가요?,이비인후과
895,중이염 질문이요!!,이비인후과
896,이석증 재발? 후유증?,이비인후과
897,하비갑개 뼈,이비인후과
898,중이염 질문,이비인후과
899,후비루 증상,이비인후과
900,켈로이드 인가요 ...? 귀 뚫은지,이비인후과
901,임신중 돌발성난청 진단,이비인후과
902,과수면증 병원 어디로 가야하나요,이비인후과
903,이비인후과 진단 해석 좀 부탁드려요,이비인후과
904,목에 무엇인가요..?,이비인후과
905,코안에뭐가부어있어요,이비인후과
906,역류성후두염 약 성분 질문이요!,이비인후과
907,편도염인가요?,이비인후과
908,기침해서 가래도 옮나요?,이비인후과
909,귀가 멍하고 아픔,이비인후과
910,귀에 물이 이상하게 들어갔어요,이비인후과
911,인후염 증상과 낫는법,이비인후과
912,목감기때문에 퍼스크린을 처방받았는데요,이비인후과
913,귀에 뭐가 났어요 (사진 포함),이비인후과
914,목안에 검은 점?? (사진 주의),이비인후과
915,코로나 확진자 다녀간 후,이비인후과
916,이증상 볼걸이인가요..?,이비인후과
917,목이 아파서 이비인후과 갔는데,이비인후과
918,머리가 너무 어지럽고 열재보니까 한쪽은 39도ㅍ한쪽은 38도 나오...,이비인후과
919,이비인후과 가서 뭐라말해야하나요?,이비인후과
920,귀가 아파요,이비인후과
921,편도선염 너무심해요,이비인후과
922,귀 염증나서 에스로반연고,이비인후과
923,편도염질문이요...,이비인후과
924,귀파다가 귀에서 피났는데 하루가 지나도 귀가 먹먹해요,이비인후과
925,이비인후과 선생님들이 사용하시는 쇠 막대는 뭔가요?,이비인후과
926,성대 확인 방법,이비인후과
927,사진인후염인가요?급함내공100,이비인후과
928,편도염 재발 및 호전 안됨,이비인후과
929,(이비인후과 의사샘 도와주세요) 편도제거,이비인후과
930,목구멍 안쪽에 편도결석이 걸린 것 같아요,이비인후과
931,이비인후과 선생님 질문 있어요(내공있음),이비인후과
932,이어폰 망사?부분이 귀에 들어갔어요,이비인후과
933,목이 아파요,이비인후과
934,편도절제술 이후 염증 질문,이비인후과
935,잘때 코막힘,이비인후과
936,편도 수술 후 목구멍 이물감,이비인후과
937,입 천장에 무언가 생겼는데 ..봐주실수있나요?..,이비인후과
938,"볼륨 80,이어폰 11시간 착용",이비인후과
939,코막고 흥했을때,이비인후과
940,이루공 염증을 앓고있어요ㅠㅠ,이비인후과
941,목젖주변에 이게 먼가여 오돌토돌한게,이비인후과
942,침샘비대증,이비인후과
943,제가 목하고 코가 불편해서 이비인후과 2곳을 갔다왔는데요 ㅠㅠ,이비인후과
944,2-3주째 목이 부을 수 있나요?,이비인후과
945,귀 안에 바르는 연고,이비인후과
946,제가 천식이 있어서 이 호흡기를 사용하고 있는데,이비인후과
947,"목에서 신 맛, 이물질이 나와요.",이비인후과
948,열 내리는 방법,이비인후과
949,"비염, 코막힘을 자가 코세척으로 극복할 수 있을까요?",이비인후과
950,비중격 만곡증 문의드립니다,이비인후과
951,성대 염증 치료 질문.,이비인후과
952,"입술 점액낭종, 육아종",이비인후과
953,귀에? 피지낭종,이비인후과
954,약혐) 목에 이상한 흰색이 있어요,이비인후과
955,편도결석과 임파선염,이비인후과
956,편도결석 생겼어요 ㅠ,이비인후과
957,8살여자아이가 귀가아프다해서 사진찍어,이비인후과
958,혀 아래에 구내염,이비인후과
959,비염수술후 코딱지,이비인후과
960,입안 구내염,이비인후과
961,외이도염 술,이비인후과
962,[나눈질문1] 편도선염 맞나요?(혐오주의),이비인후과
963,어지러움이 없는 메니에르병이 있을 수 있나요,이비인후과
964,이관부전 청력회복 여부,이비인후과
965,편도붓고 열이나요 어떻게해야하죠,이비인후과
966,입벌릴때 귀 통증,이비인후과
967,목이 헐었어요 ㅠㅠ,이비인후과
968,축농증 발열 있을 수 있나요,이비인후과
969,편도가 부었어요,이비인후과
970,급성편도염 인가요??,이비인후과
971,오늘 코로나 검사 받았는데 결과는 언제 나와요?.,이비인후과
972,코랑 입이랑 연결되는 부분 가래,이비인후과
973,편도가 이렇게 생길 수 있나요,이비인후과
974,5세 남자인데 코피가 자주납니다,이비인후과
975,목에 가래낀 느낌 코로나,이비인후과
976,인후통인가요 단순 목감긴가요,이비인후과
977,고막 재건술,이비인후과
978,이비인후과 멸균생리식염수 처방 받을 수 있나요?,이비인후과
979,편도결석 이,이비인후과
980,제가 한달동안 목감기랑 편도가 부어서,이비인후과
981,편도결석 (사진 징그러움,이비인후과
982,입에 물집? 생기는 이유,이비인후과
983,요즘 열이 오후 2~4시에 37.6~7도가 나오는데 정상체온 안 인가요?...,이비인후과
984,편도 주위 농양,이비인후과
985,비중격천공이 있었는데 코성형 해도 될까요?,이비인후과
986,비중격만곡증 수술비용은 의료보험 적용 되나요?,이비인후과
987,비염 무슨문제 인가요,이비인후과
988,후두가 부으면 가성이 안나오나요?,이비인후과
989,성대구증 ...,이비인후과
990,일주일째 열이 안떨어지는데 무슨 증상일까요,이비인후과
991,후두염이 걸렸을떈,이비인후과
992,이비인후과 추천 부탁드립니다.,이비인후과
993,이번에 고막재건수술을 했는데요ㅠㅠ,이비인후과
994,귀 뒤쪽 통증,이비인후과
995,귀 바깥쪽 염증!,이비인후과
996,목 안이 쓰립니다.,이비인후과
997,목에 혹같은게 났어요,이비인후과
998,코감기땜에 귀가 먹먹해요,이비인후과
999,편도제거수술 코블레이터에 관한 질문입니다,이비인후과
1000,편도에 뭐가 났는데ㅜ 목삼길때나 이럴,이비인후과
1001,중이염 유전,이비인후과
1002,목부분에 덩어리 같은게 잡혀요,이비인후과
1003,귀에서 뚜둑 소리가 들려요,이비인후과
1004,갑자기 목이(한쪽) 아파요,이비인후과
1005,제 편도가 정상인가요?,이비인후과
1006,난청에 스테로이드,이비인후과
1007,누웠다가 일어나면 어지러워요,이비인후과
1008,편도선염에 알보칠 발라도 되나요??,이비인후과
1009,양쪽 귀가 먹먹해요,이비인후과
1010,코로나 목아픔,이비인후과
1011,귀둘레가 부었어요,이비인후과
1012,이비인후과 선생님들 제 목좀 봐주세요.(내공있음 사진첨부),이비인후과
1013,코로나 역학검사를 통해서 접촉자로 확,이비인후과
1014,편도 주위 농양,이비인후과
1015,귀 밑이 아파요,이비인후과
1016,저의 편도가 큰편인가요 편도수술 가능한가요,이비인후과
1017,편도에서 고름이 나왔어요,이비인후과
1018,열 39도 코로나,이비인후과
1019,귓속이 항상 습기가차있습니다.,이비인후과
1020,고막 핏줄,이비인후과
1021,이틀 연속 레쓰비,이비인후과
1022,하비갑개일까요??,이비인후과
1023,안녕하세요 9살아들을둔 애엄마인데요,이비인후과
1024,코수술 후 비중격만곡인가요?,이비인후과
1025,외이도염 자연치유도 가능한가요?,이비인후과
1026,림프절 푸는 법,이비인후과
1027,귀 안에 하얀 뾰루지같은게 엄청 많아요,이비인후과
1028,알레르기비염,이비인후과
1029,이비인후과 청성뇌간반응검사 문의드립니다.,이비인후과
1030,편도염 주위 농양,이비인후과
1031,코로나 증상,이비인후과
1032,귀 안쪽이 너무 아파요,이비인후과
1033,귀 누르면 아픔,이비인후과
1034,알러지약복용,이비인후과
1035,코 수술 질문,이비인후과
1036,비염에 대해 알아봐요,이비인후과
1037,코가 비뚤어서 코로 숨쉬기가 힘든건가요?,이비인후과
1038,며칠 전부터 계속 목이 너무 심하게,이비인후과
1039,비염인가요?,이비인후과
1040,"편도결석인가요, 입안에 뭔가 있어요.",이비인후과
1041,침삼킬때마다 목이아파요 학교에선 코로나 증상이라 그러는데 어떻...,이비인후과
1042,임파선염 치료기간문의,이비인후과
1043,인후염? 역류성 식도염?,이비인후과
1044,코로나인 가요??,이비인후과
1045,왼쪽 목 이물감 ct 조영제 없이..,이비인후과
1046,오른쪽 귀와 목구멍 안쪽이 간지러워요,이비인후과
1047,목넘김시 통증 질문 있습니다.,이비인후과
1048,코막힘 답답,이비인후과
1049,언제부턴가 밤만되면 발음이 잘안돼요,이비인후과
1050,비중격만곡증인지 확인하려면 이비인후과 가면 되나요?,이비인후과
1051,하이코 부작용,이비인후과
1052,편도선에 혹이 생겼어요,이비인후과
1053,귀뚫은곳 염증,이비인후과
1054,편도 부은거 맞나요?,이비인후과
1055,외이도염인가요?,이비인후과
1056,목구멍 왼쪽이 아픕니다.,이비인후과
1057,토했는데 피,이비인후과
1058,인후통 치료 및 빠르게 낫는법,이비인후과
1059,코 안쪽 연골에 동그란거?,이비인후과
1060,비염 기침시 헛구역질..,이비인후과
1061,귀 밑이 부었어요,이비인후과
1062,편도제거수술이랑코골이수술을했는데ㅜ,이비인후과
1063,모리가 핑 돌아요,이비인후과
1064,목이 자꾸 아파요,이비인후과
1065,맛이랑 냄새를 미세하게 잘 못맡고 못,이비인후과
1066,혀아래 왜이러지?,이비인후과
1067,"편도염인가요 목감기인가요 뭐죠,,너무 아픕니다ㅠㅠ",이비인후과
1068,알레르기 면역을 키우기 위해 일부러 노출해도 되나요?,이비인후과
1069,편도결석 인가요?,이비인후과
1070,청력마비는 얼마나 오래 갈까요?,이비인후과
1071,귀뒤 피지낭종이 터졌어요,이비인후과
1072,코로나 걸리면 치료해주나요?코로나 걸,이비인후과
1073,목젖 옆 구내염 빨리 낫는법,이비인후과
1074,귀 바람소리,이비인후과
1075,갑자기 입안에 저 노란색으로 표시한 부분이 아파서 보니깐 뭐가...,이비인후과
1076,코가 너무 막혀서 미치겠어요.,이비인후과
1077,혀 안쪽 돌기 이물감(사진 첨부),이비인후과
1078,비염 오트리빈 질문이요,이비인후과
1079,밤마다 코에서 콧물이 주르륵 흘러요,이비인후과
1080,목이 따-끔 하면서 가래가 나왔어요,이비인후과
1081,알러지와 천식에 대해 궁금합니다,이비인후과
1082,중1 편도결석 입냄새,이비인후과
1083,귀 통증 진통제,이비인후과
1084,2주동안 기침,이비인후과
1085,코로 숨을 쉴때 번갈아가며 한쪽으로만 쉬어지고 그 한쪽으로 쉬는...,이비인후과
1086,변성기가 왔어요,이비인후과
1087,후두덮개 목에 이물감,이비인후과
1088,편도결석 제거,이비인후과
1089,한쪽 귀 먹먹한 이유,이비인후과
1090,왼쪽 목구멍 통증,이비인후과
1091,이비인후과 흡연 여부,이비인후과
1092,갑자기 마른 기침을 하는데 왜 이런걸까요?,이비인후과
1093,목 관리 하는 법 알려주세요,이비인후과
1094,사람 귀에관하여,이비인후과
1095,목에 먼지 낀 느낌이 드는데 무슨 증상인가요?,이비인후과
1096,이게 혓바늘인지아닌지궁금해서요ㅠㅠ 혀,이비인후과
1097,턱 밑 멍울 통증,이비인후과
1098,코로나 초기증상 목 건조 침삼키면 따끔,이비인후과
1099,귀 울림 현상,이비인후과
1100,편도결석인가요ㅠㅜㅜㅠ 어떻게 해야되나요,이비인후과
1101,이거 돌발성 난청인가요?,이비인후과
1102,귀에서 심장박동에 맞춰 소리가 납니다.,이비인후과
1103,제가 코가 건조해지면 입으로 숨을 쉬,이비인후과
1104,목안에 혹이 보여요.,이비인후과
1105,섭식장애 먹토 얼굴형,이비인후과
1106,코로나 보건소에서 연락오면,이비인후과
1107,목에 통증,이비인후과
1108,"코로나,감기 질문입니다",이비인후과
1109,외이도염 통증이 너무 심합니다 ㅠㅠ,이비인후과
1110,심한 목통증과 이물감,이비인후과
1111,혀 옆이 아프고 뭐가 났어요,이비인후과
1112,목안이 찌릿하게 아파요,이비인후과
1113,침샘 비대증 인가요 무엇인지 모르겠어요 종양 염증은 아니래요......,이비인후과
1114,귀에서 물이 나와요 .. 혹시 중이염인가요 ?,이비인후과
1115,항생제를 복용중인데 구내염이 생겼어요,이비인후과
1116,편도선염이 생겼을때부터 헛구역질을 해요....,이비인후과
1117,목 안쪽이 갑자기 이유없이 먼지가 낀것 처럼 기침이 나와요.,이비인후과
1118,편도염? 편도궤양? (사진포함)극심한 목구멍 통증(칼날 박힌듯한...,이비인후과
1119,편도염 인후염 미열 지속,이비인후과
1120,입천장 물집,이비인후과
1121,코건조증 질문드립니다,이비인후과
1122,귀걸이 염증,이비인후과
1123,귀 통증이 있어요,이비인후과
1124,귓볼 염증 났는데,이비인후과
1125,원래 사람들이 침대에 누워있다가 일어,이비인후과
1126,사진과같이 노란게있는데 염증인가요 이물질인가요 목에는 이물감...,이비인후과
1127,귀에서 이상한 소리가 나요 내공 100,이비인후과
1128,점프할때 귀에서 소리,이비인후과
1129,편도결석 제거못할까요?,이비인후과
1130,목이 부어서 잠을 잘 수가 없습니다,이비인후과
1131,콧물이 뒤로 자꾸흐르고 잘때 한쪽코가막히고 코도골아서 그러는데...,이비인후과
1132,급해요 코피 내공 100,이비인후과
1133,호산구치수가1100입니다,이비인후과
1134,성대결절에 대해서,이비인후과
1135,편도염인것 같긴한데 혹시 코로나19 ??,이비인후과
1136,코로나 검사 받으라고 연락,이비인후과
1137,코로나 재채기 콧물,이비인후과
1138,가래가 이관이나 귀로 넘어갈 수 있나,이비인후과
1139,혀 끝이 저렇게 되었고 혀안쪽에 구내염이생겼습니다 병원을 한번...,이비인후과
1140,오늘 아침 갑자기 기치할때마다 목에서 피가 나옵니다(중대량),이비인후과
1141,이하선염 농양 절개 질문입니다!,이비인후과
1142,찰과상 상처,이비인후과
1143,목소리가 갈라져요,이비인후과
1144,목 옆에 혹,이비인후과
1145,편도선염이요..,이비인후과
1146,혀에 무슨 자국이 있는데,이비인후과
1147,코 안쪽 ? 통증 ㅠㅠ ( 사진주의 ) ( 미방없음 ),이비인후과
1148,코 안 염증 제발 도와주세요,이비인후과
1149,성대 혹 질문있습니다,이비인후과
1150,편도선수술 질문,이비인후과
1151,비중격만곡증 관련 질문,이비인후과
1152,성대결절인가요?,이비인후과
1153,목소리 노화를 늦추는 방법에 대해 알려주세요,이비인후과
1154,성대구증 KTP 레이저 수술 후,이비인후과
1155,비중격 만곡증 이후 코골이,이비인후과
1156,콧물 가래,이비인후과
1157,음식을 씹을때마다 귀가 아파요. 밥을 먹을때도 그러고 그냥 뭘 먹...,이비인후과
1158,귀 연골 부음,이비인후과
1159,갑자기 목이 아파서 봤는데요,이비인후과
1160,귀에서 뚜둑 소리가 나요 이유 이어폰,이비인후과
1161,고양이알레르기있는데 일부러 키워도 되나요?,이비인후과
1162,비염 제발 어떻게 안될까요?,이비인후과
1163,이명과 좌우청력밸런스 질문드립니다,이비인후과
1164,청각과민증.. 치료될수있나요?,이비인후과
1165,이명 소리가 여러가지가 들려요,이비인후과
1166,역류성 식도염 기침,이비인후과
1167,점액낭종 구내염,이비인후과
1168,후두경검사할때 기도 혹은 기도 입구도 보이나요?,이비인후과
1169,목에서 피가나요,이비인후과
1170,들린코성형 무보형물 가능해요?,이비인후과
1171,코뼈 골절 질문 입니다.,이비인후과
1172,휜코와 비중격 같이? 따로?,이비인후과
1173,수면다원검사 해볼까하는데,이비인후과
1174,다친 후로 코뼈가 이상해요,이비인후과
1175,비염 치료방법 있어요?,이비인후과
1176,혀가 근육통같이 아파요,이비인후과
1177,혓바닥이 이상해요,이비인후과
1178,11살 비염 수술 질문,이비인후과
1179,편도염인데요. 헤르페스 항바이러스제 처방받는방법 있을까요?,이비인후과
1180,이비인후과갔는데 코안에 콧살로 콧구멍이 살작 붙었다고하네요,이비인후과
1181,귀흔들면 삐그덕소리 귀먹먹함,이비인후과
1182,중이염인가요,이비인후과
1183,목이 너무 아파요,이비인후과
1184,편도 완전적출 후에도 편도결석이 발생할 수 있나요?(수정),이비인후과
1185,역류성후두염 외이도염,이비인후과
1186,편도결석과 편도가 부었어요,이비인후과
1187,목 부었는데 항생제 꼭 먹어야할까요,이비인후과
1188,설염 혀 주사 맞았어요 . 어떤성분주사인가요?,이비인후과
1189,"비염 ,나조넥스 나잘 스프레이 질문",이비인후과
1190,초콜릿먹고 다음날에 목 따가움,이비인후과
1191,편도결석때문에 편도절제수술 생각중인데 비용이나 수술시간 등을...,이비인후과
1192,목 뒤 왼쪽에 혹 같은 동그라미 멍울,이비인후과
1193,귀뒤에 혹이 있습니다,이비인후과
1194,비중격과 코점막,이비인후과
1195,이루공이 있는데 어제 자꾸 간지러워서,이비인후과
1196,콧물이 뒤로 넘어가는 이유가 뭔가요,이비인후과
1197,이런 이어플러그 너무 많이 사용하면 오히려 청력에 안좋은가요??,이비인후과
1198,코피 나는 이유가 뭔가요,이비인후과
1199,외이도염 과 중이염 같이 걸릴수 있나요? 내공100,이비인후과
1200,면봉 사용이 청력에 악영향을 미치나요?,이비인후과
1201,귀 안쪽이 아파요,이비인후과
1202,목에 음식물 걸렸을 때 증상,이비인후과
1203,목에가시걸림,이비인후과
1204,편도절제술 입원,이비인후과
1205,목이 사진처럼 저렇고 열이 38,이비인후과
1206,고막절개술 마취 안하나요?,이비인후과
1207,코수술 1년 후 아침마다 코가 붓습니다.,이비인후과
1208,고막 염증 점이액 괜찮은건가요??,이비인후과
1209,보청기 사용과 이어폰 사용,이비인후과
1210,비염 목소리 변화,이비인후과
1211,"항히스타민제에 대한 질문(비염, 외이도염 관련)",이비인후과
1212,구내염 목부음,이비인후과
1213,네뷸라이저 사용목적 알려주세요,이비인후과
1214,목에 멍울이 만져져요ㅠ 편도염이 이렇게 될 수도 있는건가요?,이비인후과
1215,음식을 삼킬 때 목아픔,이비인후과
1216,코피가 자주 나는 이유,이비인후과
1217,편도염 때문에 아파요 ㅠㅠ,이비인후과
1218,치질인가요 ??,이비인후과
1219,귀에서 삐소리,이비인후과
1220,메니에르병?,이비인후과
1221,메니에르병 질문 드립니다!,이비인후과
1222,전정신경염,이비인후과
1223,이석증 치료,이비인후과
1224,고2 남자 비중격만곡증 수술,이비인후과
1225,비중격만곡증 수술,이비인후과
1226,귀 안 염증,이비인후과
1227,목에 딱딱한 혹,이비인후과
1228,침 삼키기도 힘들정도로 아파요 ㅠ,이비인후과
1229,편도? 부음?,이비인후과
1230,상악동염증,이비인후과
1231,왼쪽 귀 먹먹,이비인후과
1232,고열이 안떨어져요,이비인후과
1233,목이 눌리는 듯한 느낌,이비인후과
1234,현 고2인데요 귀가 먹먹해지다가 아주 약한소리로 삐소리가 났는데...,이비인후과
1235,고막에 구멍,이비인후과
1236,인후통,이비인후과
1237,축농증 수술 후 후각 제발요ㅠㅠ,이비인후과
1238,편도염 열,이비인후과
1239,아침부터 계속 머리가 아파요,이비인후과
1240,설마 코로나 아니겠죠,이비인후과
1241,목감기 증상 인가요?,이비인후과
1242,귀에 뾰루지 염증? 났을 때,이비인후과
1243,코골이때문에스트레스인데요 코를너무 심,이비인후과
1244,목 안에 편도와 목 안 상태 질문..( 추가내공 ),이비인후과
1245,목에 가래가 껴요.,이비인후과
1246,구내염 식염수 가글,이비인후과
1247,외이도 각질?,이비인후과
1248,코세척후 두통,이비인후과
1249,귀지가 까메요,이비인후과
1250,스텐레스 콧털가위에 대해서질문드립니다.,이비인후과
1251,코 안쪽 통증,이비인후과
1252,목이 아파요,이비인후과
1253,물건에 부딪혀서 코뼈가 골절될 수도 있나요?,이비인후과
1254,코가 번갈아 가면서 막혀요,이비인후과
1255,코 속이 건조하면 비중격천공일 수도 있나요?,이비인후과
1256,목구멍 답답함. 이물감. 침이 잘 안삼켜짐,이비인후과
1257,한쪽 귀가 먹먹해지고 한쪽만 하이톤으로 들리는 현상,이비인후과
1258,축농증 성대구증,이비인후과
1259,귀 뚫고 2일지났는데 피멍들었어요ㅠ,이비인후과
1260,"혀 안쪽에 이거 뭐에요,,?",이비인후과
1261,왼쪽귀가 오른쪽귀에비해 작게들려요,이비인후과
1262,이게 왜이런걸까요,이비인후과
1263,혀가 이상해요,이비인후과
1264,입술 안쪽 물집,이비인후과
1265,편도결석문제,이비인후과
1266,선천성 이루공이 있는데,이비인후과
1267,구축코재수술 받으려구요,이비인후과
1268,비염 치료하고 싶어요,이비인후과
1269,축농증 질문입니다,이비인후과
1270,목에 혹같은게 있어요,이비인후과
1271,코싹엘정...,이비인후과
1272,목에 이물감,이비인후과
1273,양악수술 후 오트리빈을 한달째 사용했는데요,이비인후과
1274,한 쪽 귀가 먹먹해요,이비인후과
1275,목이 부은 느낌,이비인후과
1276,편도결석 크기가 좀 큰데 병원 가야할까요?,이비인후과
1277,목아픔 코로나 검사,이비인후과
1278,백태 설태 병원,이비인후과
1279,"어제 저녁에 갑자기 3,40분 정도",이비인후과
1280,코로나 동선 겹침(시간대 다름),이비인후과
1281,편도결석 제거 하면,이비인후과
1282,후두 암인가요..??,이비인후과
1283,편도가 아닌 부분에도 구멍이 나나요?,이비인후과
1284,이런 코는 무슨 수술을 해야하나요.,이비인후과
1285,안녕하세요 저희딸이 3월에수술시 편도,이비인후과
1286,귀가 막힌거 같은,이비인후과
1287,이거 편도결석 인가요?,이비인후과
1288,귀밑목혹시어깨까지아프나요,이비인후과
1289,발에 상처 났는데 약처방한 약 먹어야하는지,이비인후과
1290,편도주위농양 치료 후 음주에 대해서 질문합니다..,이비인후과
1291,갑자기 목에서 쉰소리,이비인후과
1292,이비인후과 가서 편도 결석 제거 해보신 분 얼마나오나요,이비인후과
1293,침 삼킬때 마다 목이 너무 아픈데 안에 몬가 찢어진것 처럼 피나요...,이비인후과
1294,수술기록지 해독 부탁드립니다,이비인후과
1295,귀 곰팡이...,이비인후과
1296,목 안쪽이 아파요,이비인후과
1297,아빠 콧 속에 갈색 동그랗고 튀어나온 점들이 생겼어요. 그리고 코...,이비인후과
1298,귀 속 염증을 뿌리째 치료하려면 어떻게 해야할까요?,이비인후과
1299,한쪽턱에 비비탄만한 동그란게 만져져요,이비인후과
1300,귀가 부었어요..,이비인후과
1301,비염수술 후 식염수 코세척,이비인후과
1302,목이 아파요,이비인후과
1303,귀가 갑자기 막 찌릿찌릿하고 아파요,이비인후과
1304,물놀이를 했는데 귀에 물이 들어간건지,이비인후과
1305,목따가워요,이비인후과
1306,재채기 비염,이비인후과
1307,금단현상 으로 인해 편도.목안 통증,이비인후과
1308,오른쪽 턱 아래 혹이 생겼네요.,이비인후과
1309,목 왼쪽 중간쯤 멍울,이비인후과
1310,귀 뚫고 소독,이비인후과
1311,침삼킬때 목이 걸린느낌이 들어요,이비인후과
1312,샤워하고 나왔는데 귀가 아파요ㅠ,이비인후과
1313,코로나 확진자 방문한곳방문,이비인후과
1314,귀에서 냉장고 소리가 들려요,이비인후과
1315,귀를 뚫고 귀연골염증이 심하게 와서,이비인후과
1316,갑자기 왼쪽귀가 먹먹하고  아파요ㅠ,이비인후과
1317,입안 물집이 계속 생겨요 이유가 뭘까요..,이비인후과
1318,난청 예방이나 초기 난청 치유에 강황과 솔잎차를 먹는게 도움이...,이비인후과
1319,편도절제술,이비인후과
1320,이게 편도염인가요??,이비인후과
1321,고막주사(스테로이드주사) 계속아파요,이비인후과
1322,귀가 먹먹합니다.,이비인후과
1323,편도절제술 기침,이비인후과
1324,"코골이,무호흡증, 비중격만곡증에대하여",이비인후과
1325,혀가 아파요.,이비인후과
1326,동그라미 친 부분이 조금 단단하게 부,이비인후과
1327,인두에 뭐가 났어요 오돌토돌하게,이비인후과
1328,재채기 할 때,이비인후과
1329,볼 안쪽에 이렇게 구내염처럼 두 덩어리가 생겼어요 알보칠발라도...,이비인후과
1330,편도 수술,이비인후과
1331,가래침이계속나와요,이비인후과
1332,목 부은거 좋아진거에요??,이비인후과
1333,목이 아파서 거울로 봤는데 사진에서 오른쪽 부분이 입을 벌리면...,이비인후과
1334,5일동안 인후통,이비인후과
1335,목과 혀가 아파요,이비인후과
1336,입이 자주 마르는 느낌.,이비인후과
1337,외이도염 자연치료 가능할까요?,이비인후과
1338,그냥 콧물인지 좀 알려주세요..,이비인후과
1339,머리 북소리,이비인후과
1340,코에 음식이 들어간거 같아요...,이비인후과
1341,임파선염 급합니다 ㅠㅠ도와주세요,이비인후과
1342,귀 뒤가 아파요,이비인후과
1343,코 안에 염증이 생기면,이비인후과
1344,귀랑 목 사이가 아픕니다,이비인후과
1345,자고 일어나니 왼쪽 귀가 안들립니다.,이비인후과
1346,인후염 인가요?(사진보고알려주세요ㅠㅠ),이비인후과
1347,목 간지럽고 기침 하고 열은 없는데 코로나일 가능성이 있을까요,이비인후과
1348,귀속이 아파요,이비인후과
1349,제가 편도결석이 있는편인데 10원짜리,이비인후과
1350,눈을 세게 누르면 안구가 안쪽으로 들어가나요?,이비인후과
1351,귀가 먹먹해요 (외이도염),이비인후과
1352,제 청력검사지좀 봐주세요.,이비인후과
1353,코피가 안멈춥니다.,이비인후과
1354,코에서 냄새가 안 난다고 하시는데..,이비인후과
1355,입안에 물집같은게 생겼다 없어졌다 반복하면서 크기도 점점커집니...,이비인후과
1356,입안의 혹이 생겼습니다. 구내염? 구강암? 편평태선?,이비인후과
1357,귀에서 진동소리,이비인후과
1358,메니에르 입니다,이비인후과
1359,편도 부음 코로나,이비인후과
1360,이비인후과 귀지 제거,이비인후과
1361,귀에 난 뭔가.....,이비인후과
1362,편도결석 흡입기 또는 제거기 추천해주,이비인후과
1363,메니에르병,이비인후과
1364,진주종성중이염 수술 후 청력 저하,이비인후과
1365,코세척 치통,이비인후과
1366,자가진피제거,이비인후과
1367,비중격만곡증,이비인후과
1368,역류성식도염인가요?,이비인후과
1369,혀안에 돌기 (성곽유두),이비인후과
1370,편도수술후 편도염,이비인후과
1371,귀걸이 침이 귓볼 안에 들어갔어요,이비인후과
1372,편도절제술했는데요,이비인후과
1373,수술기록지,이비인후과
1374,목에 돌기같은게 나있어요ㅠㅠ,이비인후과
1375,끈적이며거품같고흰색 같은가래에 원인은왜일까요,이비인후과
1376,염증인가요??,이비인후과
1377,코골절수술 후 헬스,이비인후과
1378,목이물감 답답함 질문,이비인후과
1379,혀 밑 따가움,이비인후과
1380,어제 갑자기 집에서 노래 부르는데 귀,이비인후과
1381,혀 밑 돌기,이비인후과
1382,귀에피딱지,이비인후과
1383,목에 이물감이 계속 느껴집니다,이비인후과
1384,물빼다 귀에서 피가나와요,이비인후과
1385,후두염 코로나,이비인후과
1386,발살바 자주하면 귀에 안좋나요?,이비인후과
1387,왼쪽 귀가 크게 울려요,이비인후과
1388,편도 결석 인지 좀 봐주세요..,이비인후과
1389,수면다원검사 받아보려고요,이비인후과
1390,휜코 수술,이비인후과
1391,코가 부었어요,이비인후과
1392,코감기랑 특히 양쪽어깨쪽 근육통,이비인후과
1393,성대결졀 수술 많이 아프나요??,이비인후과
1394,수면 무호흡증,이비인후과
1395,수술후 귀가 잘 안들려요,이비인후과
1396,편도염 질문,이비인후과
1397,혀뿌리 돌기???,이비인후과
1398,오른쪽 목이 결리는(뻐근한) 느낌이,이비인후과
1399,목 막힌느낌,이비인후과
1400,귀가 너무 아파요,이비인후과
1401,감기 비염 구분법!,이비인후과
1402,귀에 딱지가 생기고 진물이 나요,이비인후과
1403,비중격만곡증 수술 후 코 수술,이비인후과
1404,구축코재수술 어떤가요?,이비인후과
1405,축농증 해결방법 있나요?,이비인후과
1406,비염 알아봐요,이비인후과
1407,귀가 잘 안들려요,이비인후과
1408,돌발성 난청 재발,이비인후과
1409,오른쪽 목에 인후통,이비인후과
1410,목 컬컬함? 목 통증,이비인후과
1411,"구강암인가요, 단순 구내염인가요? 입안 염증이 많습니다.",이비인후과
1412,이비인후과 의사님들 저 좀 도와주세요!! ㅠㅠ,이비인후과
1413,구내염인가요,이비인후과
1414,제가 자가진단에서 목이 아파서 인후염을 체크를 했는데요 학교 나...,이비인후과
1415,어지러움 증상,이비인후과
1416,왼쪽 귀 이명,이비인후과
1417,오랜만에 근육을 써서 목 근육이 아파요ㅠㅠ(내공 40),이비인후과
1418,편도염 치료,이비인후과
1419,목 안쪽 사라지지 않는 염증,이비인후과
1420,병원에서 중이염/외이도염 소독해주는 약품?,이비인후과
1421,귀 뚫은 지 3주 정도 되었습니다. 잘 아물어가던 중 귀걸이가 빠져...,이비인후과
1422,목에 뭐 걸린 느낌이랑 기침,이비인후과
1423,"귀에서 딸깍소리, 먹먹",이비인후과
1424,표시한 부분에 뭐가 나있는게 사진상으,이비인후과
1425,목통증 및 귀밑 턱 통증,이비인후과
1426,외이도염 증상,이비인후과
1427,중이염 수술 부작용,이비인후과
1428,켈로이드 문의합니다,이비인후과
1429,목이 2일 전에 살짝 아픈 듯 했는데,이비인후과
1430,편도염? 편도결석인가요?,이비인후과
1431,목소리에 대해서 고민입니다,이비인후과
1432,비중격만곡증 수술후 코를 잘못쳤는데,이비인후과
1433,혀에 뭐가 났어요.,이비인후과
1434,구강암인가요,이비인후과
1435,갑자기 코피,이비인후과
1436,귀염증낫는법,이비인후과
1437,귀에서 부웅~소리 랑 심장소리가 들려요,이비인후과
1438,귀안이 아파요,이비인후과
1439,귀안이 아파요,이비인후과
1440,입 안 고름,이비인후과
1441,코로나에 관하여,이비인후과
1442,이마부터 머리전체가 띵하고 어지럽고 붕 뜬거 같고 꽉 죄는 거 같...,이비인후과
1443,코로나인가요,이비인후과
1444,피곤할때 열이 날수도 있나요?,이비인후과
1445,거품처럼보이며끈적거리는하얀색가래는무엇,이비인후과
1446,밤마다 미열,이비인후과
1447,머리가 띵해요,이비인후과
1448,비중격 수술을 국소마취로 진행하던중에,이비인후과
1449,비중격만곡증 수술,이비인후과
1450,수면다원검사 받아봐야할까요? 도움좀요 ㅠ,이비인후과
1451,비염인지 축농증인지,이비인후과
1452,사진 혐) 편도염인거같은데 진료 어떻게 받죠? + 코로나 진료비용...,이비인후과
1453,편도염 질문이요,이비인후과
1454,코로나 후각 미각 상실 회복,이비인후과
1455,이명증 질문좀 드려볼께요..,이비인후과
1456,청력검사 가능한 이비인후과 어딜까요? (양재 or 화곡),이비인후과
1457,귀가 멍멍해요,이비인후과
1458,귀,이비인후과
1459,귀에서 지지직 및 먹먹..?,이비인후과
1460,코골이 수면 무호흡증,이비인후과
1461,구축코재수술 알아보고 있어요,이비인후과
1462,축농증 수술후 재발할거 같은데 불안해요..,이비인후과
1463,편도염 대해서,이비인후과
1464,전정기관 이상있다고 진단받았는데,이비인후과
1465,비중격만곡증 도움좀..,이비인후과
1466,축농증 알아봐요,이비인후과
1467,편도 수술 관련 질문입니다,이비인후과
1468,편도결석인가요?,이비인후과
1469,중이염을 앓고 있는데 머리 염색하는거,이비인후과
1470,술먹고 집에 와서 누웠는데 소리가 들려요,이비인후과
1471,중이염 치료 받아야 하나요?,이비인후과
1472,편도결석 질문,이비인후과
1473,혀 뒤쪽 색깔,이비인후과
1474,편도수술 후 질문이요,이비인후과
1475,비염 해결 좀 해주세요,이비인후과
1476,이비인후과 전문의님 도움이 필요합니다!!!,이비인후과
1477,왼쪽귀 바람소리,이비인후과
1478,돌발성 난청,이비인후과
1479,타석증관련,이비인후과
1480,귀 뒤에 멍울? 혹?,이비인후과
1481,구개편도가 부어있는데 이거 수술해야,이비인후과
1482,야식의 기준,이비인후과
1483,청소년 이명이요..,이비인후과
1484,누웠을때 토나올거같은 증상,이비인후과
1485,생리할때 항상 머리가 많이 아프다,이비인후과
1486,목안에 혹? 병인가요?,이비인후과
1487,입천장에 뭐가 났어요,이비인후과
1488,비염수술 후 진통제,이비인후과
1489,귀에 압력이 차갖고..,이비인후과
1490,이명소리가,이비인후과
1491,코막힘 코로나,이비인후과
1492,볼 안쪽이 아픈데 어디 병원을 가야하나요?,이비인후과
1493,어지럼증 이유,이비인후과
1494,코피 삼키고 나서,이비인후과
1495,수면다원검사 궁금한 점 있는데요,이비인후과
1496,수면무호흡증 의심하는 중인데 맞나요?,이비인후과
1497,혀암(설암)인지 확인좀 해주세요,이비인후과
1498,목구멍에 혹같은게 났는데 부은건가요?,이비인후과
1499,귀에부분이아파요,이비인후과
1500,콧물과 목 부음으로 병원 가도 될까요?,이비인후과
1501,목이 막힌 것 같은 느낌이 계속 들어요.( 사진 혐오 주의),이비인후과
1502,귀 이명?,이비인후과
1503,타석증 & 골융기,이비인후과
1504,혀에 점같은게 났는데 아프진않아요 최근 혀를 깨물거나 다친적도...,이비인후과
1505,귀 안쪽 통증,이비인후과
1506,오른쪽 귀가 잘 안들려요,이비인후과
1507,성대결절 치료기간,이비인후과
1508,코 외상 후 코막힘,이비인후과
1509,40데시벨 인데 보청기로도 못듣는 케이스가 존재 하긴 한가요. 제...,이비인후과
1510,개인병원에서 25년전 수술...재발 만성중이염이라고.. 큰병원가서...,이비인후과
1511,귀에 물이 돌아다니는 느낌,이비인후과
1512,방금 가래에 빨간 게 있었는데 고춧가,이비인후과
1513,목젖근처구멍,이비인후과
1514,아랫입술 아래 오목하게 파진 부분이 아파요,이비인후과
1515,인후통 및 2일째 설사,이비인후과
1516,제가 비염이 있는데요,이비인후과
1517,구강암 초기증상인가요?,이비인후과
1518,아침에 재채기 콧물,이비인후과
1519,목이아파요,이비인후과
1520,혀 설소대 질문,이비인후과
1521,혀 짧은 수술,이비인후과
1522,들숨은 코로 날숨은 입으로,이비인후과
1523,단순감기인데 선별진료소를 가야하나요?,이비인후과
1524,목구멍 염증,이비인후과
1525,난청치료를 잘하는 소문난곳 추천부탁드립니다.,이비인후과
1526,침삼킬때 혹이 걸려 내려가는통증,이비인후과
1527,혓바늘인 것 같은데,이비인후과
1528,귀먹먹함 및 청각과민증..,이비인후과
1529,오른쪽 귀 주변으로 통증이 생겨요!!!,이비인후과
1530,한쪽 목만 아픔,이비인후과
1531,백자 멜론 먹고난 뒤에 몇 분 지나니까 목이 칼칼해요,이비인후과
1532,귀가 간지러워요,이비인후과
1533,확누웠을때 귀에서 위용위용소리가 나요,이비인후과
1534,코 안에 뼈같은게 만져집니다.,이비인후과
1535,코골이가 고민입니다,이비인후과
1536,걸을때마다 한쪽 귀에서 소리가 울려서 납니다.. 걸을때만이 아니...,이비인후과
1537,저녁에 이약을 먹고 딸국질이 계속됩니다,이비인후과
1538,갑자기 어지럽고 울렁거려요,이비인후과
1539,냄새가 안나요,이비인후과
1540,혀 관련 문의드립니다,이비인후과
1541,발음......,이비인후과
1542,비염 치료,이비인후과
1543,매부리코재수술 재발도 하나요?,이비인후과
1544,비중격만곡증 코가 휘었는데요,이비인후과
1545,5세 아이 귀 소리(두근두근 소리) 이명?,이비인후과
1546,"어지럼증, 메니에르병 질문드립니다 유신영 선생님",이비인후과
1547,가래 후두염,이비인후과
1548,비접촉식 체온계,이비인후과
1549,귀뒤에 동그란게 생겼어요. ㅠㅠ,이비인후과
1550,"목, 귀 통증",이비인후과
1551,귀 먹먹함,이비인후과
1552,성대 수술한 지 1주일,이비인후과
1553,외이도염 치료 후 이어폰 착용,이비인후과
1554,코로나 검사 받아야 하나요?,이비인후과
1555,목젖이 혀에 닿아요,이비인후과
1556,편도결석 질문이요ㅜ,이비인후과
1557,급성편도염,이비인후과
1558,편도 비대증인가요? 사진상으로는 왼쪽,이비인후과
1559,코 성형한지 6개월지 지났는데 언제부,이비인후과
1560,후두개염 제발 도와주세요 ㅜ,이비인후과
1561,고주파이명과 청력저하,이비인후과
1562,혀밑 타석증,이비인후과
1563,천식증상 일까요?,이비인후과
1564,코 연골 중앙부분 파임 질문,이비인후과
1565,"귀걸이 염증, 이수열 진행중 대처방안",이비인후과
1566,대상포진일까요?,이비인후과
1567,턱 밑 피부에 만지면  딱딱하고 아픈 동그란게 생겼어요.,이비인후과
1568,혀에 설유두(???) 이게 좀 커진,이비인후과
1569,명치가 살짝 아프고 귀가 아파요,이비인후과
1570,초록색 가래,이비인후과
1571,혀 안쪽이 아파요,이비인후과
1572,밥먹고나면 가래가 많이껴서 헛기침을 너무 많이합니다....주변사...,이비인후과
1573,자고 일어났더니 한쪽 귀가 먹먹해요,이비인후과
1574,목이 너무 아파요,이비인후과
1575,혀 상처 상태에 대해 문의할것이 있습니다.,이비인후과
1576,사진주의. 편도쪽에 생긴 이거 뭐죠,이비인후과
1577,비중격 만곡증 수술 전,이비인후과
1578,귀 왱왱거림,이비인후과
1579,귀뚫고 염증,이비인후과
1580,귓볼 몽우리??,이비인후과
1581,혀 안쪽에 붓기,이비인후과
1582,목안에 둥근 공같은게 느껴져요,이비인후과
1583,"보청기(병원,보조 보청기) 도와주세요..",이비인후과
1584,한쪽 귀가 귓볼을 밑으로 잡아당기면,이비인후과
1585,고막에 살이차면 수술을 어떻게 하나요?,이비인후과
1586,알레르기성 천식도 흡입형 약물을 사용해야하나요?,이비인후과
1587,편도가 엄청 부었는데 머리가 아파요,이비인후과
1588,이것도 인후통인가요?,이비인후과
1589,코안에 점막(부비동) 이 부어서 아파요,이비인후과
1590,이석증 증상,이비인후과
1591,목에 이물감,이비인후과
1592,구강채온 37.8위험한가요?ㅜㅜ,이비인후과
1593,목 통증과 가래,이비인후과
1594,오른쪽 귀가 잘 안들러요,이비인후과
1595,왼쪽 잇몸 끝에 뭐가 조금맣게 났는데,이비인후과
1596,전정기관에 이상있다고 진단받고왔는데요,이비인후과
1597,혀 밑 돌기 하얀 덩어리 구내염,이비인후과
1598,귀밑? 턱밑? 이 아파요,이비인후과
1599,무증상 확진자 질문,이비인후과
1600,귀에서 웅웅거리는 소리가 나는데요..,이비인후과
1601,침 삼킬때 목이 아파요 목을 봤는데 왼쪽이 좀 부은거 같고 가끔씩...,이비인후과
1602,열감기 관련 질문(추가내공 드려요),이비인후과
1603,귀간지러움,이비인후과
1604,수영장다닌뒤로 콧속이 너무 가려워미치겠어요,이비인후과
1605,간호학과 학생입니다 (pharynx 관련 질문),이비인후과
1606,피어싱 염증 스너그,이비인후과
1607,귀에서 계속 짓물이 납니다 왜 이러는건가요 심각한건가요?,이비인후과
1608,이어폰 적정 대시벨 질문,이비인후과
1609,코로나일까요?,이비인후과
1610,편도제거수술 질문입니다!,이비인후과
1611,"귀 통증, 중이염인가요?",이비인후과
1612,코피가 안멈춰요,이비인후과
1613,목이 간질간질 하는데 기침은 안나구요.. 걱정이 많아요,이비인후과
1614,이어폰을 끼면 귀가 아파요,이비인후과
1615,코피나는이유,이비인후과
1616,구내염 인가요 ??,이비인후과
1617,가래가 있어요,이비인후과
1618,안녕하세요. 근래 귓등 뒤 말랑한 물,이비인후과
1619,비염 때문인가요?,이비인후과
1620,목에음식물,이비인후과
1621,편도염 질문입니다 이비인후과 전문의 답 해주세용,이비인후과
1622,맑은 콧물이 주루룩,이비인후과
1623,편도제거술 후 편도,이비인후과
1624,편도결석 수술안하고 없애기,이비인후과
1625,코에 더러운 코딱지가 있는데 코에다가,이비인후과
1626,알레르기,이비인후과
1627,애니클렌액 귀 안에 들어가도 돼요??,이비인후과
1628,혀뿌리돌기부근에 통증이있는데요 ㅠ,이비인후과
1629,목에 수박씨 걸린것같아요ㅠㅠ,이비인후과
1630,알레르기 예방법,이비인후과
1631,목에 이물감 걸린느낌,이비인후과
1632,저가 중학교 2학년인데도 변성기가....,이비인후과
1633,"목 통증 , 목 쓰라림",이비인후과
1634,귀이상,이비인후과
1635,목아픔 젠스트린,이비인후과
1636,구강암인가요?,이비인후과
1637,구강암 초기증상인가요 ??,이비인후과
1638,어지러움증 관련 질문입니다.,이비인후과
1639,급성인두염 약을 복용해도 호전이 안됩니다.,이비인후과
1640,목부음 내공 50,이비인후과
1641,귀를 팠더니 귀가 먹먹해요,이비인후과
1642,편도결석이요,이비인후과
1643,비중격 수술,이비인후과
1644,수면다원검사 받아볼까요?,이비인후과
1645,수면무호흡증 자고나면..,이비인후과
1646,코골이수술 받을까요 말까요,이비인후과
1647,구취가심한데요 위검사했는데아무이상없구,이비인후과
1648,최혁기 의사님 추가 질문..,이비인후과
1649,편도가 헐었어요 어떻게 해야하죠?,이비인후과
1650,돌발성난청으로 고막스테로이드 주사를 맞으면,이비인후과
1651,식도염 증상인가요?,이비인후과
1652,편도염(요 2달새에 6번 재발)이 심,이비인후과
1653,음식물이 코로 넘어갔? 을 때,이비인후과
1654,코뼈엑스레이사진좀 봐주세요.,이비인후과
1655,귀가 이상해요!,이비인후과
1656,저희집 밥숟가락이 비린내가 자주나서,이비인후과
1657,입술이 막이 있는 거처럼 끝쪽이 뻑뻑해요 (사진주의),이비인후과
1658,최혁기 의사선생님께 다시 질문...,이비인후과
1659,코로나 증상,이비인후과
1660,최혁기 의사님 저음 난청? 치료법이 궁금해요,이비인후과
1661,편도 결석 구멍,이비인후과
1662,귀지 물약,이비인후과
1663,귀랑 머리가 아파요,이비인후과
1664,급성인두염,이비인후과
1665,악하선염 진단받고 결석 제거 후,이비인후과
1666,몇달전부터 코가 계속 막혀서 호흡하기가 힘들어요 저녁에 자려고...,이비인후과
1667,목젖 옆에 염증,이비인후과
1668,코와 목 넘어가는 사이 부음,이비인후과
1669,귀밑 턱선쪽 붓기,이비인후과
1670,편도쪽에 구내염,이비인후과
1671,누워있으면 비강이 좁아지나요?,이비인후과
1672,코피가 너무 자주 납니다.,이비인후과
1673,귀가 먹먹합니다 ( 내공 300,이비인후과
1674,목에 가래낀느낌,이비인후과
1675,귀 켈로이드,이비인후과
1676,코안에 네오덱스 안연고,이비인후과
1677,오른쪽 목 옆쪽에 멍울,이비인후과
1678,감기초기증상,이비인후과
1679,"안면윤곽(사각턱,ㅅ절골)후 6주정도 지났는데요",이비인후과
1680,성대 주변 근육땡김과 목이 피로함,이비인후과
1681,성대 구증 수술후 관리,이비인후과
1682,부비동염을 ct로 찍어봐야만 아는 경우가 있나요??,이비인후과
1683,편두통 관련,이비인후과
1684,입냄새 때문에 고민이에요,이비인후과
1685,오늘 귀가 먹먹해서 병원갔다왔습니다.,이비인후과
1686,구내염 관련 병원,이비인후과
1687,역류성식도염인지 후비인 인지 ;;,이비인후과
1688,귀 안과 턱 사이가 아파요,이비인후과
1689,가만있어도 목에이물질있는느낌,이비인후과
1690,오른쪽 귀 안쪽이 너무 아픕니다,이비인후과
1691,귀에서 이런 게 나왔어요,이비인후과
1692,일어나자마자 귀에 날파리들어간 느낌,이비인후과
1693,귀에서 소리가 나요 벌레소리 메미소리,이비인후과
1694,코로나 비염증상,이비인후과
1695,[나눈질문1] 편도쪽에 구내염인가요...?,이비인후과
1696,턱에 조그만한 혹이 났어요,이비인후과
1697,코수술후 비밸브 협착?,이비인후과
1698,코에서 휘파람 소리,이비인후과
1699,혀점액낭종 시술 부작용 있나요 급해요ㅜㅜ,이비인후과
1700,편도염증 사진첨부,이비인후과
1701,후각상실이후 회복이 되나요 ?,이비인후과
1702,귀뚫고 염증,이비인후과
1703,구내염 이비인후과,이비인후과
1704,목구멍 가래 같은 이물감,이비인후과
1705,급함)))편도에서 피가 많이 나요,이비인후과
1706,고양이 알레르기 때문에 목이 너무 아픈데.....병원 가야 하나요.....,이비인후과
1707,목 막힌느낌 질문,이비인후과
1708,코로나 증상인가요?,이비인후과
1709,목이 아프고 입천장이 하얗게 됬어요,이비인후과
1710,감기나 냉방병인가요...?,이비인후과
1711,천식있는데 이불이나 배게 냄새킁킁 맡,이비인후과
1712,요즘 에어컨도 많이 키고 선풍기도 항,이비인후과
1713,얼음 삼키다 목구멍 상처,이비인후과
1714,목 안에 붉은 혹이 보여 질문드립니다.,이비인후과
1715,2일동안 목아프다가 3일째에는 콧물이 나오기 시작하고 어제부터...,이비인후과
1716,목감기 코로나 차이,이비인후과
1717,코로나검사할때 가래를 뱉으라고 했는데 가래가 안나와서 침만뱉었...,이비인후과
1718,침샘이 아팠다 안아팠다하,이비인후과
1719,코피가 목 안에서만 흐름,이비인후과
1720,인후염인가요? (사진),이비인후과
1721,목에나는 염증(구내염)의 원인이요~!!,이비인후과
1722,알려주세요...,이비인후과
1723,후각이 이상해요 냄새를 예전보다 못맏겠어요 화장실가면 냄새가났...,이비인후과
1724,중이염인가요??,이비인후과
1725,목 중앙 갑자기 커지고 이물감,이비인후과
1726,"가래,침 삼킬때 목아픔",이비인후과
1727,중이염 때문에 약을먹고있는데 아파요,이비인후과
1728,성대 벌어짐으로인한 쉰목소리 치료 가능한가요?,이비인후과
1729,알약이 코에 걸린것 같습니다,이비인후과
1730,편도결석 제거,이비인후과
1731,귀에 근육이 있나요?,이비인후과
1732,귀뚫는거 질문,이비인후과
1733,왼쪽귀 바람소리..,이비인후과
1734,오늘부터 목이 아팟는데 부은건가요??,이비인후과
1735,코성형 12일차인데 코가 휘어보여요 (내공 100),이비인후과
1736,코가 안 막혀도 비염일 수 있나요?,이비인후과
1737,혀 이부분이 왜 이럴까요? 맨들맨들하고 빨개요... 딴부분이랑 다...,이비인후과
1738,혀에 출혈이 생겼습니다.,이비인후과
1739,코안에 뼈루지 피고름,이비인후과
1740,편도염 진단 후 인두염 증상 인가요?,이비인후과
1741,목이 부은건가요?,이비인후과
1742,코에서 냄새가 나요 ...,이비인후과
1743,돌발성난청,이비인후과
1744,귀 속 빨간점이 보이는데 무엇인가요?,이비인후과
1745,코 안에 물혹?(사진첨부),이비인후과
1746,안녕하세요.혀 통증  때문에,이비인후과
1747,편도선염일까요?? (사진 징그러움 주의),이비인후과
1748,턱밑에 혹?같은거잇는데,이비인후과
1749,단거 먹으면 목이 아파요,이비인후과
1750,귀 속 신경 염증,이비인후과
1751,묽은 피콧물이 흐릅니다.,이비인후과
1752,귀가 이상해요,이비인후과
1753,오른쪽 귀,이비인후과
1754,편도 고름,이비인후과
1755,사람 평균 체온이 몇 도 인가요?,이비인후과
1756,혀에 흰 돌기가 있는데 왜 나타나는것이고 뭔가요?,이비인후과
1757,비염이죠 이거,이비인후과
1758,"노란콧물, 치통",이비인후과
1759,수박 먹으면 목이 아파요,이비인후과
1760,목에 뭐가걸린 느낌이나요.,이비인후과
1761,턱 밑이 아픈데,이비인후과
1762,무증상에 고열만 있는데 코로나일 수 있나요?,이비인후과
1763,급성 편도염 일까요? (편도사진),이비인후과
1764,혀 밑에 혹이 났어요 오늘 갑자기 났는데 아프네요 이비인후과 가...,이비인후과
1765,귀에 벌레가 들어 간거 같을때,이비인후과
1766,"귓볼 피어싱 부위가 부었습니다,,,, (사진 주의)",이비인후과
1767,조금 매운 음식 먹다가 심하게 사례가,이비인후과
1768,귀 뚫을때 아픈가요??,이비인후과
1769,목에 가래낀 느낌,이비인후과
1770,감염성 후두염인지 검사를 받고 싶은 데 어떻게 하면 될까요?,이비인후과
1771,귀 먹먹함 질문...,이비인후과
1772,8세남아 귀에 머리카락한가닥이 들어가,이비인후과
1773,코감기가 자주 걸려요,이비인후과
1774,귀가 아파요,이비인후과
1775,무슨 증상인지 좀 알려주세요!,이비인후과
1776,목소리가 이상해요,이비인후과
1777,목아픔 질문이요,이비인후과
1778,알보칠썼는데요,이비인후과
1779,코수술 후 콧등,이비인후과
1780,귀 이명증상,이비인후과
1781,콧볼에 이상한 덩어리? 같은 게 만져져요,이비인후과
1782,며칠째 귀 중이염을 앓고 있습니다.,이비인후과
1783,안녕하세요 목에 침삼킬때마다 통증이있,이비인후과
1784,한쪽귀가 안들려요,이비인후과
1785,비인두염의 효과적인 치료,이비인후과
1786,귀지냄새가 나요,이비인후과
1787,귀막힘 도와주세요,이비인후과
1788,이비인후과에서 편도결석 제거했는데,이비인후과
1789,침 삼킬때 왼쪽 턱 아래 통증,이비인후과
1790,아산병원에서 검사한 영상기록지(ct.,이비인후과
1791,귀가 웅웅 울려요 ㅜㅜ 이명소리는 안나는데 귀에서 심장뛰는 느낌...,이비인후과
1792,귀를 소독하려고 알콜 그거를 뿌릴때마,이비인후과
1793,인후두염 약을 꼭 먹어야 하나요?,이비인후과
1794,귀안에 뭐가 났어요ㅠㅠ,이비인후과
1795,40대 후반에 생긴 알러지성 비염,이비인후과
1796,이비인후과에 다녀온뒤로...,이비인후과
1797,왼쪽 귀가 잘 안들려요,이비인후과
1798,이것도 코로나에 해당사항인가요?,이비인후과
1799,코로나 콧물 코막힘,이비인후과
1800,볼 안에 하얀거,이비인후과
1801,하품할때 목아픔,이비인후과
1802,편도선염 벌써 보름째ㅜㅜ,이비인후과
1803,오른쪽 귀 통증,이비인후과
1804,이명 증세 질문,이비인후과
1805,왼쪽 목 통증,이비인후과
1806,코로나 증상인가요??,이비인후과
1807,콧구멍이 아파요,이비인후과
1808,목의 하얀 염증,이비인후과
1809,귓볼에 멍울같은게 느껴집니다,이비인후과
1810,왼쪽 귓 속 통증,이비인후과
1811,감기인가요??,이비인후과
1812,목이 아픕니다.,이비인후과
1813,귓구멍 옆부분 통증,이비인후과
1814,귀에 물이찬것같아요,이비인후과
1815,비음이 많아 목소리가 낮으면 듣기 거북하나요?,이비인후과
1816,알레르기성 비염,이비인후과
1817,목에 이물감이 있는 느낌을 자주 느껴요,이비인후과
1818,코 깊은곳 막힘,이비인후과
1819,식도염인가요?ㅠ,이비인후과
1820,퍼스크린 사용후 혀감각이 둔한데,이비인후과
1821,비염관련해서,이비인후과
1822,어지러움증,이비인후과
1823,파주 코로나 선별진료소,이비인후과
1824,비염으로 코에 물혹이 생겼습니다.,이비인후과
1825,귀가 가끔식 먹먹 해질까요?,이비인후과
1826,귀상태 질문입니다,이비인후과
1827,전염성 단핵구증,이비인후과
1828,오라메디 사용법,이비인후과
1829,귀를 누르거나 손을 집어너으면 물들어간것처럼 찌직 소리가 들려...,이비인후과
1830,코로나인가요,이비인후과
1831,편도결석,이비인후과
1832,키스후 입술 주변 간지럽고 따가워요 이유가 뭘까요?,이비인후과
1833,열과 인후통증상,이비인후과
1834,스트레스 받으면 목이 간지러워요,이비인후과
1835,귀 잘 안들리고 자꾸 삐 소리 나서,이비인후과
1836,목젖옆통증,이비인후과
1837,목삐인거 푸는법,이비인후과
1838,목에 이물감이 있어요.,이비인후과
1839,성대 모양의 차이와 발성내기 좋은 모양,이비인후과
1840,일반 감긴가요?,이비인후과
1841,고막 터짐과 재생에 대해서,이비인후과
1842,귓볼 염증...,이비인후과
1843,편도결석인거같은데 ㅠㅠㅠ 사진있어요,이비인후과
1844,귀 먹먹함 이관?,이비인후과
1845,입안에 뭐가 났어요,이비인후과
1846,귀뒤에 멍울?,이비인후과
1847,귀가 점점 부워요,이비인후과
1848,편도수술 2틀차,이비인후과
1849,비중격만곡증 및 코 성형수술 질문,이비인후과
1850,혀에 뭐가 났어요,이비인후과
1851,자고일어나서 한쪽귀막힘,이비인후과
1852,청력검사가 이렇게 나왔는데요.,이비인후과
1853,페리덱스 볼안쪽에 발랐습니다,이비인후과
1854,택시 코로나,이비인후과
1855,외이도염 비행기 타도 되나요?,이비인후과
1856,편도결석좀 봐주세요,이비인후과
1857,코 안쪽 간지러움(편도),이비인후과
1858,가슴에서 가래낀느낌,이비인후과
1859,편도수술 후 목젖 근처 위아래로 당기는 느낌이 들어요,이비인후과
1860,노래방에서 노래를 부르고나서 목이 살살 아픕니다.,이비인후과
1861,"목 간지럽고 기침, 답답함",이비인후과
1862,목에서 바람통하는 느낌,이비인후과
1863,이명이 계속 나는데 어느 과를 가야하나요?,이비인후과
1864,맨바닥에 에어컨 몸살감기,이비인후과
1865,목 임파선 통증 병원은 못감,이비인후과
1866,목에 이물감이 있습니다,이비인후과
1867,왼쪽 목아픔,이비인후과
1868,목간지러움 기침,이비인후과
1869,일술포진 이요.아시클로버 사서 발랐는,이비인후과
1870,인후염인가요?,이비인후과
1871,편도에하얀,이비인후과
1872,목 안쪽에 하얀색 물질?,이비인후과
1873,다리미에 데였는데 화상인가요??,이비인후과
1874,코로나 인가요ㅠㅠ?,이비인후과
1875,손상 청각 세포,이비인후과
1876,침삼키기가 힘들어서 보니 목안에 흰색뭔가있네요 뭔가요??,이비인후과
1877,이거 비염 증상인가요?,이비인후과
1878,이비인후과 전문의님만 와주세요,이비인후과
1879,혹시 이게 역류성 식도염 증상인가요?,이비인후과
1880,이비인후과 질문,이비인후과
1881,한쪽 귀 이명,이비인후과
1882,목젖뒤에 이상한게 있어요ㅠ,이비인후과
1883,혀밑바닥 쓰라림,이비인후과
1884,코수술을 수요일에 하여 4일정도 되었는데요,이비인후과
1885,보청기 제습제,이비인후과
1886,축농증인가요?,이비인후과
1887,소음성 난청.,이비인후과
1888,한쪽 귀를 쳤는데 멍멍하고 삐 소리가 살짝씩 나요,이비인후과
1889,입속 부음,이비인후과
1890,코목젖질문입니다,이비인후과
1891,목부터 명치이어지는 곳 통증 ㅠㅠ,이비인후과
1892,자꾸 귀에서 부스럭소리가 예전부터나서,이비인후과
1893,전날에 술먹고 숙취로 인해 토를 했는데요,이비인후과
1894,코피부속염증,이비인후과
1895,눕기만 하면 코 안쪽이 붓습니다,이비인후과
1896,고막 터짐과 재생,이비인후과
1897,목젖?울대?들어감,이비인후과
1898,귀 뚫으려 하는데,이비인후과
1899,급합니다!! 어지럼증 질문,이비인후과
1900,삼성병원진료를 보고싶은데,이비인후과
1901,코로나에 관하여,이비인후과
1902,입병이 생겼는데 귀까지 아파요..,이비인후과
1903,종합병원 이빈후과  코수술,이비인후과
1904,헤드폰 장력으로 침샘이 압박될 때 궁금합니다.,이비인후과
1905,귀 찢어진곳에 다시 귀 뚫어도 되나요,이비인후과
1906,목이 부었는데,이비인후과
1907,침 삼킬 때 이물감,이비인후과
1908,"귀에서 삐소리, 심장소리",이비인후과
1909,증상 진단좀 해주세요,이비인후과
1910,귀에 대한 고민,이비인후과
1911,코안이 헐거나 그런건 아닌데 코가 부어서 건들때마다 아파요 이비...,이비인후과
1912,코로나19 증상,이비인후과
1913,침 삼킬 때마다 목이 아파서 봤더니 저렇게 하얀게 생겼네요ㅠ 저...,이비인후과
1914,돌발성 난청,이비인후과
1915,귀가 먹먹?이라고 해야할까요 그냥 조금 답답한 느낌이에요!,이비인후과
1916,목구멍 편도쪽에 종기? 혹이보입니다..,이비인후과
1917,입 안에 어느 순간 이런게 생겼는데 뭔가요?? 구내염 같진 않습니...,이비인후과
1918,(목구멍 사진 주의) 목구멍에 하얀 혹,이비인후과
1919,식도가 이파요,이비인후과
1920,역류성 식도염 기침 목 통증,이비인후과
1921,"알러지,비염",이비인후과
1922,이명들리면 정신을 잃을거같아요,이비인후과
1923,안녕하세요,이비인후과
1924,설태,이비인후과
1925,목에 딱따하고 고정되있는 혹,이비인후과
1926,수술하기 전 두려움 없애는 법 알려주,이비인후과
1927,목 안 오른쪽 막힌 느낌,이비인후과
1928,한쪽 귀 먹먹하면서 이명,이비인후과
1929,비염수술하면 다크서클 없어지나요?,이비인후과
1930,귀가 간지럽고 먹먹합니다,이비인후과
1931,왼쪽귀 먹먹하고 부어있는 느낌이 들며 욱신거리고 잘 안들리는거...,이비인후과
1932,귀에서 지지직? 바스락? 소리,이비인후과
1933,목 안에 하얀색,이비인후과
1934,감기 증상... 혹시 코로나???,이비인후과
1935,갤럭시 버즈 사용하다가,이비인후과
1936,역류성식도염 앓는동안에는 커피 일절마시면 안되나요?,이비인후과
1937,성대구증에 의해 KTP레이저 수술을,이비인후과
1938,제가 일주일전에 병원갔었는데,이비인후과
1939,구내염은 왜 빨리 낫나요,이비인후과
1940,전색증이 무엇인가요?,이비인후과
1941,저 외이도염인데 식초로 치료(?)해도,이비인후과
1942,귀 뚫은곳 진물인가요?,이비인후과
1943,"축농증,물혹,코안에 휜거 수술 어떻게 하나요?",이비인후과
1944,아데노이드비대증 수술,이비인후과
1945,귀가 먹먹해요.,이비인후과
1946,군병원 비중격 만곡증 궁금증이 있습니다.,이비인후과
1947,남자 비염코수술 질문글입니다..,이비인후과
1948,혹시 돌발성 난청일까요?,이비인후과
1949,편도결석인가요??,이비인후과
1950,왼쪽 귀 먹먹?,이비인후과
1951,이명  치료,이비인후과
1952,이석증 이후의 어지러움,이비인후과
1953,역류성 후두염? 인후염 증상중에,이비인후과
1954,목소리가 예전에는 안그랬는데 어느순간,이비인후과
1955,목안이 간지럽고 기침을 계속합니다,이비인후과
1956,혓바닥 목 귀 간지러움,이비인후과
1957,이비인후과에,이비인후과
1958,염증이 최근들어서 잘 나는데 원인이 뭔가요?ㅜ,이비인후과
1959,목에 가래낀 느낌,이비인후과
1960,침 삼킬때 목아픔,이비인후과
1961,편도에 이게 생겼는데 저부분이 부었고 아파요 편도선염 인가요??...,이비인후과
1962,편도가 붓고 목에 뾰루진 난 것 같아요.,이비인후과
1963,목 속에 구내염이 나면 어떡하죠,이비인후과
1964,좋은 병원으로 수면다원검사 받을 수 있는 곳 없나요?,이비인후과
1965,혹시 코골이수술 진행하면 완벽하게 완치가 될까요?,이비인후과
1966,제가 이번에 수면무호흡증 때문에요 치료 받아야 할까요?,이비인후과
1967,구내염? 입 벽에 또는 입술 안에 혈관처럼 튀어나와있네요,이비인후과
1968,약혐)연구개에 빨간 점들 뭔가요??,이비인후과
1969,콧물이 안 나와도 축농증일 수 있나요?,이비인후과
1970,귀 심하게 파다가 피 통증 부스럭 소리가 나요 ㅜㅜㅜ,이비인후과
1971,편도절제술 잘된건지 모르겠어요..,이비인후과
1972,목젖이 혀에 닿는느낌..,이비인후과
1973,피아노를 치는데 빠른 곡을 쳤더니 손목이 아파요. 오른쪽은 상대...,이비인후과
1974,침을 삼키거나 물을 마실때 목이물감이 있고 통증이있습니다.,이비인후과
1975,귓바퀴에 물기같은 게 있는데 항상 있,이비인후과
1976,가래와 입냄새,이비인후과
1977,혀밑?그 턱 쪽에 동그란게 생기고 가,이비인후과
1978,귀가 들렸다 안들렸다,이비인후과
1979,귀 먹먹함과 울림,이비인후과
